id,formato,categoria,pilar,plataforma,funcao_principal,funcao_secundaria,objetivo,necessidade_da_audiencia,nivel_ds,esforco_horas,duracao_inicial_teste,metrica_principal,metricas_secundarias,hipotese,posts_futuros_no_painel_v2_3,exemplos_no_painel,fonte_no_projeto
R01,Trailer da cidade,D (híbrido),1,Instagram Reel,Descoberta,Retorno,Levar ao vlog,Decidir se vale ver,A,4–6,20–30 s,Visitas ao perfil e views do vlog em 24 h,Envios por alcance; retenção 3 s,Número total + cena forte leva mais ao vlog que anúncio sem número,8,p15 p36 p56,research/04 R01
R02,Primeira hora,D (híbrido),1,Instagram Reel,Descoberta,Retorno,Provar a promessa,Medo da chegada,A,4–6,20–30 s,Envios por alcance,Retenção 3 s; seguidores por Reel,Preço da primeira hora é enviável a quem vai viajar,6,p31 p52 p73,research/04 R02
R03,Primeiro dia (O que ninguém avisa),D (híbrido),1,Instagram Reel,Descoberta,Retorno,Âncora de marca,Medo da chegada,A,4–6,20–30 s,Retenção e envios,Seguidores por Reel,Fato verdadeiro e específico sustenta o gancho de afirmação,8,p16 p37 p58,research/04 R03
R04,"Custo e decisão (onde foi o dinheiro, trajeto, filas)",B,2,Instagram Reel,Descoberta,Profundidade,Utilidade salvável,Quanto custa,A,4–6,20–30 s,Salvamentos e envios por alcance,Visitas ao perfil,Recibo com cotação datada gera salvamento,11,p19 p40 p61,research/04 R04
R05,Não faça isso (erro real),C,2,Instagram Reel,Descoberta,Relacionamento,Utilidade e personalidade,O que evitar,A,4–6,20–35 s,Envios por alcance e retenção,Salvamentos,Emoção de alta ativação circula mais (F26),7,p22 p43 p64,research/04 R05
R06,"Vale ou pula (comida, hotel, lugar)",C,3,Instagram Reel,Descoberta,Relacionamento,Opinião rápida,Escolher,B,"1,5–2,5",15–25 s,Comentários e envios por alcance,Retenção 3 s,Veredito claro estimula resposta,6,p109 p130 p179,research/04 R06
R07,Expectativa × realidade,C,3,Instagram Reel,Descoberta,—,Humor e utilidade,Comparar,B,"1,5–2,5",12–20 s,Envios por alcance,Retenção 3 s,Formato marcável,2,p67 p151,research/04 R07
R08,Momento bruto / emoção,C,3,Instagram Reel,Relacionamento,Descoberta,Autenticidade,Identificação,B,"1,5–2,5",15–20 s,Retenção,Envios por alcance,Cena crua sinaliza pessoa real (F12),8,p33 p54 p75,research/04 R08
R09,Curiosidade (diferente do Brasil),C,3,Instagram Reel,Descoberta,—,Descoberta,Curiosidade,B,"1,5–2,5",15–25 s,Retenção,Envios,Fato local verificável,1,p25,research/04 R09
R10,Variação / Trial Reel,teste,3,Instagram Reel,Descoberta,—,Testar gancho,—,B,"1,5–2,5",igual ao Reel-base,Retenção 3 s (par a par),Envios,Trocar o gancho de um Reel que foi bem melhora a retenção 3 s,14,p18 p27 p39,research/07 E6
R11,Diário da viagem,C,1–3,Instagram Reel,Retorno,Relacionamento,Acompanhar a viagem,Acompanhar,B,"1,5–2,5",15–30 s,Retorno e respostas,Retenção,Série numerada aumenta o retorno,4,p172 p182,research/07 E12
R12,"Próxima viagem (anúncio, orçamento, mala, hotel)",C,4,Instagram Reel,Retorno,Relacionamento,Acompanhar e conversar,Acompanhar,A/B,2–6,20–30 s,Respostas e salvamentos,Comentários,Palpite público gera conversa,4,p115 p154,research/04 R12
R13,Retrospectiva / apresentação,D (híbrido),5,Instagram Reel,Descoberta,Retorno,Memória de marca,Quem é o Primeiro Dia,A,4–6,30–45 s,Visitas ao perfil,Retenção,—,1,p136,research/04 R13
A01,Primeiro olhar,A,6,Instagram Reel,Descoberta,Retorno,Desejo e descoberta,Quero conhecer,B (1 objeto),1–2,12–20 s,Envios por alcance,% não seguidores; seguidores por Reel; retenção 3 s,"Pode gerar mais envios por alcance que Reel informativo, com menos retenção em história",7,p190 p191 p192,research/04 A01; 07 E1
A02,Rua com som,A,6,Instagram Reel e Short,Descoberta,—,Presença,Sensação de estar lá,B (1 objeto),"0,5–1,5",8–15 s,Tempo médio assistido,Replays,Som real transmite mais presença que música,0,,research/04 A02; 07 E2
A03,Luz da cidade,A,6,Instagram Reel,Descoberta,Profundidade,Admiração,Inspiração,B,1–2,10–18 s,Salvamentos,Envios,Luz forte favorece salvamento,0,,research/04 A03
A04,"Mesa (café, mercado, bar)",A/D,6,Instagram Reel,Descoberta,Profundidade,Desejo sensorial,Inspiração e decisão,B,1–2,10–20 s,Salvamentos,Envios,Desejo + preço aumenta salvamento,0,,research/04 A04
A05,Frase e paisagem,A,6,Instagram Reel e Stories,Descoberta,Relacionamento,Emoção compartilhável,Inspiração,B,"0,5–1",8–12 s,Envios por alcance,Retenção,Frase curta acrescenta contexto sem reduzir a força visual,0,,research/04 A05; 07 E3
A06,"Detalhes (arquitetura, portas)",A,6,Instagram Reel e carrossel,Descoberta,Profundidade,Admiração visual,Inspiração,B,1–2,10–15 s,Salvamentos,Envios,Salvar como referência futura,0,,research/04 A06
A07,Dois em movimento,A/C,6,Instagram Reel,Relacionamento,Descoberta,Identificação,Companhia,B,1–2,10–20 s,Seguidores por mil de alcance,Envios,Pessoa na cena aumenta conversão em seguidor,0,,research/04 A07; 07 E4
A08,"Trajeto (trem, metrô, janela)",A/D,6,Instagram Reel e Short,Descoberta,—,Presença e utilidade leve,Movimento,B,1–2,10–18 s,Retenção,Replays,Ritmo de trilho sustenta atenção,0,,research/04 A08
A09,Cidade em 20 segundos,A,6,Instagram Reel,Descoberta,Retorno,Resumo icônico,Reconhecimento,B,2–3,18–25 s,Envios por alcance,Retenção,Marcos conhecidos favorecem envio,0,p5 (histórico),research/04 A09
A10,Mirante,A,6,Instagram Reel,Descoberta,—,Admiração,Inspiração,B,"0,5–1",8–15 s,Salvamentos,Envios,Plano único retém quando a vista é forte,0,,research/04 A10
C01,Carrossel de custo (Itália),B,5,Instagram carrossel,Profundidade,Descoberta,Salvar,Quanto custa,A,3–4,—,Salvamentos por alcance,Envios,Slide de Custo com cotação datada é salvável,4,p51 p72 p93,research/04 C01
C02,Carrossel de roteiro,B,2,Instagram carrossel,Profundidade,Descoberta,Salvar e planejar,Planejar,A,3–4,—,Salvamentos por alcance,Envios,Rota com horas é salvável,8,p21 p42 p63,research/04 C02
C03,"Carrossel 8 fotos, 8 preços",D (híbrido),2,Instagram carrossel,Profundidade,Descoberta,Desejo + utilidade,Inspirar e informar,A,3–4,—,Salvamentos e envios por alcance,Visitas ao perfil,Híbrido imagem + preço salva mais,9,p24 p45 p66,research/04 C03
C04,Carrossel de comparação / faria diferente,B,2,Instagram carrossel,Profundidade,Relacionamento,Decisão,Decidir,A,3–4,—,Envios por alcance,Comentários,Comparação é marcável,3,p135 p156,research/04 C04
C05,Carrossel de checklist,B,4,Instagram carrossel,Profundidade,Retorno,Salvar,Preparar a viagem,A,3–4,—,Salvamentos por alcance,Envios,Checklist é salvo,1,p166,research/04 C05
Y0,"Short = mesmo corte do Reel (reaproveitamento, o que o painel faz hoje)",varia,1–3,YouTube Shorts,Descoberta,Retorno,Funil para o vlog com custo mínimo,Curiosidade,n/a,"0,3–0,5",15–30 s,Viewed vs swiped away,Inscritos por Short,Reaproveitar o corte próprio custa quase nada e mantém a cadência,37,p17 p20 p23,research/05 AUD-02
Y1,Short independente (pergunta e resposta curta),B/C,1–3,YouTube Shorts,Descoberta,Retorno,Descoberta no YouTube,Curiosidade,n/a,"0,5–1",15–40 s,Viewed vs swiped away,Inscritos por Short,Pergunta com resposta curta retém,0,,research/04 Y1
Y2,Short extraído do vlog (história),C,1–3,YouTube Shorts,Descoberta,Profundidade,Levar ao vlog,Curiosidade,n/a,"0,5–1",20–40 s,Viewed vs swiped away,Views do vlog em 48 h,Bom trecho vira história completa,8,p29 p50 p71,research/04 Y2
Y3,Short de momento engraçado,C,3,YouTube Shorts,Descoberta,Relacionamento,Humor e identificação,Entretenimento,n/a,"0,5–1",15–25 s,Reassistidas,Comentários,Humor com início dentro da cena,0,,research/04 Y3
Y4,Short corte informativo,B,2,YouTube Shorts,Descoberta,Profundidade,Utilidade,Quanto custa,n/a,"0,5–1",15–30 s,Salvamentos e views,Cliques,Dado + objeto de papel,0,,research/04 Y4
Y5,"Short aspiracional (Primeiro olhar, mesmo corte do Reel de sexta)",A,6,YouTube Shorts,Descoberta,Retorno,Medir o aspiracional no YouTube,Quero conhecer,n/a,"0,3–0,5",12–20 s,Viewed vs swiped away,Inscritos por Short,O aspiracional funciona diferente no Reels e no Shorts,7,p26 p47 p68,research/07 E5
Y6,Short isca para o vlog (cold open),D,1,YouTube Shorts,Descoberta,Profundidade,Cliques no vlog,Curiosidade,n/a,"0,5–1",15–30 s,Cliques para o vídeo,Viewed vs swiped away,Cena forte sem entregar o veredito,0,,research/04 Y6
Y7,Short de teste de tema,B,2,YouTube Shorts,Descoberta,—,Decidir pauta,Escolher,n/a,"0,5–1",15–30 s,Views e comentários,—,Medir interesse antes de produzir,0,,research/04 Y7
Y8,"Short de reconhecimento do criador (bordão, placa de fechamento)",D,5,YouTube Shorts,Retorno,—,Memória de marca,Quem é,n/a,"0,3–0,5",10–20 s,Espectadores recorrentes,Inscritos,Repetição constrói memória,0,,research/04 Y8
S1,Stories antes da viagem,C,4,Instagram Stories,Relacionamento,Retorno,Expectativa,Acompanhar,n/a,"0,3–0,5",3–4 telas,Taxa de resposta,Conclusão,Palpite público gera resposta,3,p12 p168 p171,research/04 S1
S2,Stories durante a viagem,C,4,Instagram Stories,Relacionamento,Retorno,Ao vivo e prova,Acompanhar,n/a,"0,3–0,5",3–5 telas por dia,Conclusão e respostas,—,Placar ao vivo dá prova,0,camada diária (planejamento/STORIES_ESTRATEGIA.md),research/04 S2
S3,Stories depois da viagem,C,4,Instagram Stories,Relacionamento,Retorno,Retrospectiva,Acompanhar,n/a,"0,3–0,5",3 telas,Respostas,—,Número final e erro geram pergunta,0,camada diária,research/04 S3
S4,Stories de lançamento do vlog,D,4,Instagram Stories,Retorno,Relacionamento,Levar ao YouTube,Ver o vídeo,n/a,"0,3–0,5",4–5 telas,Cliques e views do vlog em 24 h,Lembretes,Contagem + cena forte levam ao vlog,13,p14 p28 p35,research/04 S4
S5,Stories em períodos sem viagem,C,4,Instagram Stories,Relacionamento,—,Manter a rotina,Acompanhar,n/a,"0,3–0,5",2–3 telas,Conclusão,Respostas,Uma decisão de planejamento por dia,0,camada diária,research/04 S5
S6,Stories de produção e edição,C,4,Instagram Stories,Relacionamento,—,Humanizar,Identificação,n/a,"0,3–0,5",2–3 telas,Respostas,Conclusão,Bastidor da edição gera pergunta,0,camada diária,research/04 S6
S7,Stories compartilhando Reel aspiracional,A,6,Instagram Stories,Relacionamento,Descoberta,Dar contexto ao Reel,Inspiração,n/a,"0,1–0,2",1–2 telas,Respostas,Envios do Reel,Frase que não está no vídeo gera resposta,7,7 dias com pós-Reel (p190 …),research/04 S7
S8,Stories de relacionamento entre publicações,C,4,Instagram Stories,Relacionamento,Retorno,Manter o vínculo,Conversar,n/a,"0,3–0,5",2–3 telas,Taxa de resposta,—,Comentário que virou ideia,0,camada diária,research/04 S8
L01,Vlog de cidade,D (híbrido),1,YouTube longo,Profundidade,Descoberta (busca),Entregar a viagem,Planejar e acompanhar,A,15–30,30–40 min,Duração média assistida e retenção aos 30 s,CTR; inscritos por vídeo; recorrentes,Custo + veredito + pessoa retém,8,p13 p34 p55,research/04 7; 06
L02,Vlog de experiência,C,3,YouTube longo,Profundidade,Descoberta (busca),Aprofundar um lugar,Decidir,A,15–30,15–30 min,Duração média assistida,CTR,Experiência específica atende busca,0,,research/04 7.2
L03,Vídeo de dicas / planejamento,B,2,YouTube longo,Profundidade,Descoberta (busca),Utilidade,Planejar,A,10–20,10–20 min,Visualizações de busca,Retenção,Dica responde busca,0,,research/04 7.2
L04,Série da viagem de janeiro (episódios numerados),C,1,YouTube longo,Retorno,Profundidade,Acompanhar a viagem,Acompanhar,A,15–30,20–40 min,Espectadores recorrentes,Inscritos por vídeo,Série numerada aumenta o retorno,0,,research/07 E12
