inicio	fim	prob	palavra
0.00	0.70	0.57	Buenos
0.70	1.14	0.94	dias
1.14	1.84	0.66	Barcelona,
2.00	3.58	0.96	chegamos
3.58	3.68	0.80	ao
3.68	3.86	0.99	nosso
3.86	4.16	0.99	primeiro
4.16	4.82	1.00	destino,
6.56	6.64	0.84	a
6.64	6.86	1.00	gente
6.86	7.38	0.99	chegou
7.38	7.56	0.99	bem
7.56	7.84	0.99	tarde
7.84	8.34	0.99	ontem,
8.62	8.92	0.36	uma
8.92	9.04	0.97	da
9.04	9.50	0.99	manhã,
9.90	10.36	0.89	a
10.36	10.44	1.00	gente
10.44	10.56	0.51	está
10.56	10.70	0.96	aqui
10.70	10.82	0.99	no
10.82	11.12	0.78	bairro
11.12	11.28	0.94	de
11.28	11.72	0.75	Graça,
12.46	13.08	0.98	estamos
13.08	13.30	0.74	a
13.30	13.52	0.64	caminho
13.52	13.74	0.98	do
13.74	14.18	0.88	metrô
14.18	14.60	0.59	para
14.60	14.92	0.87	começar
14.92	15.16	0.87	nosso
15.16	15.40	0.98	dia
15.40	15.64	0.86	hoje,
15.76	15.80	0.16	e
15.80	18.42	0.98	é
18.42	18.70	1.00	isso,
18.98	19.22	0.68	vamos
19.22	19.36	0.98	que
19.36	19.60	0.95	vamos.
30.98	31.46	0.62	A
31.46	31.46	1.00	gente
31.46	31.72	0.98	acabou
31.72	31.92	1.00	de
31.92	32.20	0.99	descer
32.20	32.42	0.88	aqui
32.42	32.76	0.95	na
32.76	33.28	0.74	estação
33.28	33.48	0.89	de
33.48	34.14	0.86	Palau
34.14	34.58	0.75	Real,
34.84	35.36	0.30	vamos
35.36	35.56	0.38	para
35.56	35.72	0.30	a
35.72	35.84	0.82	missão,
36.24	36.76	0.52	a
36.76	36.98	0.99	nossa
36.98	37.38	1.00	primeira
37.38	37.82	0.98	parada
37.82	38.00	0.79	de
38.00	38.30	0.72	hoje,
39.62	39.82	0.49	a
39.82	39.86	1.00	gente
39.86	40.10	0.93	vai
40.10	40.22	0.49	para
40.22	42.96	0.79	o
42.96	43.18	0.95	Camp
43.18	43.42	0.99	Nou
43.42	43.80	0.83	hoje,
44.24	44.50	0.95	a
44.50	44.58	1.00	gente
44.58	45.18	0.99	decidiu
45.18	45.92	0.98	passar
45.92	46.16	0.47	3
46.16	46.34	1.00	dias
46.34	46.52	0.98	aqui
46.52	46.60	0.99	em
46.60	47.06	0.98	Barcelona,
47.52	47.58	0.99	e
47.58	47.82	0.99	hoje
47.82	47.98	0.97	a
47.98	48.20	1.00	gente
48.20	49.56	0.98	dividiu
49.56	49.66	0.96	o
49.66	50.06	1.00	roteiro
50.06	51.32	0.62	para
51.32	51.98	0.98	fazer
51.98	52.12	0.99	as
52.12	52.34	0.92	coisas
52.34	52.50	0.68	ser
52.50	52.68	0.94	mais
52.68	53.18	0.99	distantes,
53.30	54.58	0.98	antes
54.58	54.76	0.99	de
54.76	54.88	0.96	ir
54.88	54.98	0.92	para
54.98	55.06	0.96	a
55.06	55.26	0.99	parte
55.26	55.84	0.98	histórica
55.84	55.96	0.85	e
55.96	56.14	0.99	tal.
56.14	57.12	0.78	Estamos
57.12	57.56	1.00	chegando
57.56	57.76	0.93	aqui
57.76	58.06	0.97	na
58.06	58.66	0.69	Lambra
58.66	58.86	0.87	del
58.86	59.40	0.99	Barça
60.76	61.32	0.41	E...
62.16	62.72	0.80	Só
62.72	62.86	0.82	pra
62.86	63.14	1.00	falar,
63.28	63.34	0.98	a
63.34	63.38	1.00	gente
63.38	63.70	0.99	comprou
63.70	63.86	0.92	esses
63.86	64.26	0.99	ingressos
64.26	64.38	0.06	Aqui
64.38	64.48	1.00	no
64.48	64.70	0.99	site
64.70	65.18	1.00	oficial
65.18	65.46	0.97	deles,
65.52	65.64	0.90	a
65.64	65.70	1.00	gente
65.70	65.98	1.00	pagou
65.98	66.46	0.98	31
66.46	66.78	0.70	euros
81.90	82.46	0.45	É
82.46	83.02	0.95	a
83.02	83.16	0.93	bola
83.16	83.30	0.98	de
83.30	83.46	0.93	ouro
83.46	83.52	0.96	de
83.52	84.00	0.95	Ronaldinho
84.00	84.42	0.90	Gaúcho
84.42	84.70	0.17	Que
84.70	85.34	0.35	bizadeira
99.40	100.00	0.75	Nós
100.00	100.60	0.97	acabamos
100.60	100.78	0.99	de
100.78	100.98	0.99	sair
100.98	101.24	0.76	aqui
101.24	102.42	0.97	do
102.42	102.84	0.37	turco
102.84	102.94	0.90	do
102.94	103.14	0.62	Camp
103.14	103.40	0.84	Nou
103.40	104.78	0.35	e
104.78	106.42	0.26	muito
106.42	106.74	0.99	show,
106.86	107.98	0.72	massa
107.98	108.44	0.99	demais,
108.68	108.80	0.44	tipo
108.80	109.08	0.97	assim,
109.64	110.08	0.43	Conta
110.08	110.24	0.87	a
110.24	110.28	1.00	história
110.28	110.44	1.00	do
110.44	110.88	0.98	estádio
110.88	111.08	0.34	Tem
111.08	111.34	0.99	várias
111.34	111.72	1.00	camisas
111.72	111.92	0.95	de
111.92	112.30	0.68	ídolos
112.30	112.40	0.59	de
112.40	112.62	1.00	lá
112.62	113.42	0.98	Tem
113.42	113.60	1.00	uma
113.60	113.84	0.99	parte
113.84	114.44	0.80	360
114.44	114.90	0.43	assim
114.90	115.08	0.90	Que
115.08	115.36	0.94	tipo,
115.58	115.80	0.51	foi
115.80	116.18	0.99	surreal
116.92	117.36	0.95	A
117.36	117.54	1.00	gente
117.54	117.74	1.00	não
117.74	118.00	1.00	vai
118.00	118.30	1.00	entrar
118.30	118.46	1.00	no
118.46	118.86	1.00	estádio
118.86	119.20	0.99	Porque
119.20	119.38	0.81	tá
119.38	119.48	1.00	em
119.48	120.02	0.99	reforma
120.02	120.32	0.85	Dá
120.32	120.44	0.99	até
120.44	120.56	0.99	pra
120.56	120.70	1.00	ver
120.70	120.82	1.00	aqui
120.82	121.00	1.00	atrás
121.00	121.14	0.99	da
121.14	121.36	0.66	gente
121.86	122.30	0.88	Já
122.30	122.50	1.00	tinha
122.50	122.76	1.00	visto
122.76	122.98	0.95	alguns
122.98	123.50	0.99	depoimentos
123.50	123.72	0.22	que
123.72	124.04	1.00	realmente
124.04	124.40	0.80	tava
125.38	125.82	0.98	Difícil
125.82	126.18	0.48	acesso
126.18	126.48	0.97	assim
126.48	127.30	1.00	Mas
127.30	127.46	1.00	é
127.46	127.54	1.00	isso,
127.56	127.70	0.84	se
127.70	127.72	0.72	a
127.72	127.72	1.00	gente
127.72	127.82	0.41	tiver
127.82	128.02	0.55	no
128.02	128.14	0.99	final
128.14	128.34	0.96	de
128.34	128.44	0.96	ir
128.44	128.74	0.99	agora
128.74	129.16	1.00	A
129.16	129.26	1.00	gente
129.26	129.48	1.00	vai
129.48	129.64	1.00	lá
129.64	129.94	1.00	pro
129.94	130.66	0.83	Monjuic
132.10	132.54	1.00	E
132.54	132.96	0.97	como
132.96	133.08	0.99	eu
133.08	133.28	1.00	falei
133.28	133.72	0.78	A
133.72	133.84	1.00	gente
133.84	134.06	1.00	tá
134.06	134.84	1.00	aproveitando
134.84	135.02	0.91	pra
135.02	135.16	1.00	ir
135.16	135.36	0.70	pra
135.92	136.36	0.62	Os
136.36	136.74	0.93	lugares
136.74	137.12	0.99	mais
137.12	137.12	0.75	longos
137.12	137.12	0.34	Que
137.12	137.24	0.60	eram
137.24	137.50	1.00	mais
137.50	137.84	0.73	longos
137.84	138.10	0.97	assim
138.10	138.56	0.80	Estamos
138.56	138.78	0.98	aqui
138.78	138.96	0.99	na
138.96	139.28	1.00	frente
139.28	139.62	0.99	do
139.62	140.26	0.98	maior
140.26	140.70	0.98	estágio
140.70	140.86	0.99	do
140.86	141.26	0.99	mundo
141.26	142.18	0.56	e
142.18	142.28	0.95	eu
142.28	142.34	0.65	estou
142.34	142.48	1.00	com
142.48	142.52	1.00	a
142.52	142.80	1.00	camisa
142.80	142.92	1.00	do
142.92	143.24	1.00	maior
143.24	143.66	0.99	clube
143.66	143.80	1.00	do
143.80	144.12	1.00	mundo,
144.86	144.94	0.99	o
144.94	145.38	0.60	Esporte
145.38	145.78	0.97	Clube
145.78	146.24	0.90	Bahia.
146.30	146.30	0.31	Ah,
146.30	146.48	0.93	inclusive,
146.88	147.74	0.92	quando
147.74	147.88	0.99	a
147.88	147.98	1.00	gente
147.98	148.38	1.00	chegou,
148.50	151.44	0.25	o
151.44	153.86	1.00	funcionário
153.86	154.00	0.94	aqui
154.00	154.18	1.00	do
154.18	154.50	0.90	Museu
154.50	154.60	0.91	do
154.60	155.12	0.99	Barcelona,
155.46	156.00	0.60	o
156.00	156.08	0.99	Diego
156.08	156.24	0.85	estava
156.24	156.42	1.00	com
156.42	156.56	0.64	o
156.56	156.92	1.00	casaco
156.92	157.06	0.59	e
157.06	157.16	0.93	a
157.16	157.28	1.00	gente
157.28	157.42	0.87	foi
157.42	157.60	0.94	tirar
157.60	157.68	0.98	uma
157.68	157.90	1.00	foto
157.90	158.04	0.74	e
158.04	158.12	0.58	o
158.12	158.22	0.99	Diego
158.22	158.46	0.76	tirou
158.46	158.56	0.98	o
158.56	158.88	1.00	casaco
158.88	158.98	0.93	e
158.98	159.06	0.93	ele
159.06	159.20	0.36	falou
159.20	159.38	1.00	assim,
159.56	159.72	0.90	ah,
159.84	160.26	1.00	Bahia.
160.94	161.06	0.02	Aí
161.06	161.22	0.39	ele
161.22	161.46	0.68	falou
161.46	162.40	0.22	assim,
162.74	163.00	0.76	Bahia
163.00	163.14	0.99	é
163.14	163.18	1.00	o
163.18	163.50	0.99	mundo.
164.52	165.04	0.85	Uma
165.04	165.24	1.00	coisa
165.24	165.66	1.00	interessante
165.66	165.86	0.53	pra
165.86	166.18	1.00	falar
166.18	166.38	0.92	é
166.38	166.52	1.00	que
166.52	166.62	1.00	a
166.62	166.74	1.00	gente
166.74	166.90	0.28	está
166.90	167.02	0.99	num
167.02	167.30	1.00	bairro
167.30	167.62	1.00	chamado
167.62	168.14	0.98	Grácia
168.14	168.94	0.05	É
168.94	169.20	1.00	um
169.20	169.84	1.00	local
169.84	170.04	1.00	mais
170.04	170.66	1.00	residencial,
170.74	170.84	0.98	ele
170.84	170.86	1.00	é
170.86	170.94	1.00	um
170.94	171.12	1.00	pouco
171.12	171.30	1.00	mais
171.30	171.74	1.00	distante
171.74	172.20	0.45	da
172.20	173.84	1.00	agonia
173.84	174.04	1.00	do
174.04	174.46	0.99	centro
174.46	174.84	0.88	Foi
174.84	174.90	1.00	o
174.90	174.96	1.00	que
174.96	175.06	1.00	a
175.06	175.12	1.00	gente
175.12	175.72	1.00	preferiu,
175.78	176.06	1.00	tem
176.06	177.00	1.00	duas
177.00	178.96	0.98	cafeterias,
179.08	179.16	0.99	um
179.16	179.56	1.00	mercado
179.56	179.84	1.00	bem
179.84	180.02	1.00	do
180.02	180.24	1.00	lado
180.24	180.42	1.00	da
180.42	180.84	1.00	nossa
180.84	181.22	1.00	casa
182.22	182.74	0.93	E
182.74	183.04	0.97	aí,
184.08	184.36	1.00	por
184.36	184.68	1.00	isso,
184.88	185.40	1.00	a
185.40	185.54	1.00	gente
185.54	185.96	1.00	comprou
185.96	186.08	1.00	um
186.08	186.48	1.00	bilhete
186.48	186.78	1.00	de
186.78	187.92	1.00	metrô
187.92	188.10	1.00	e
188.10	188.56	1.00	ônibus
188.56	189.38	0.43	Pra
189.38	189.76	1.00	utilizar
189.76	189.94	1.00	por
189.94	190.38	0.99	72
190.38	190.82	1.00	horas,
190.98	191.06	1.00	que
191.06	191.08	1.00	é
191.08	191.14	1.00	o
191.14	191.40	1.00	período
191.40	191.54	1.00	que
191.54	191.64	1.00	a
191.64	191.76	1.00	gente
191.76	191.96	1.00	vai
191.96	192.24	1.00	ficar
192.24	192.52	1.00	aqui
192.52	193.14	0.19	Está
193.14	193.74	1.00	facilitando
193.74	194.02	0.99	muito
194.02	194.26	0.58	nossa
194.26	194.56	1.00	vida,
194.72	194.76	0.87	a
194.76	194.82	1.00	gente
194.82	195.44	0.99	vai
195.44	195.74	0.99	pagar
195.74	196.66	0.35	27
196.66	197.36	0.92	,50,
197.62	198.80	0.99	mas
198.80	199.38	0.94	com
199.38	199.72	1.00	certeza
199.72	199.90	0.98	a
199.90	200.02	1.00	gente
200.02	200.38	0.98	usaria
200.38	200.64	1.00	muito
200.64	200.94	1.00	mais.
201.72	201.78	0.87	E
201.78	202.10	1.00	agora
202.10	202.20	0.99	a
202.20	202.26	1.00	gente
202.26	202.38	0.91	está
202.38	202.70	1.00	chegando
202.70	202.84	0.97	aqui
202.84	202.96	1.00	no
202.96	203.46	0.86	Monjuic,
203.82	204.34	1.00	o
204.34	204.64	1.00	metrô
204.64	204.92	1.00	deixou
204.92	205.02	1.00	a
205.02	205.14	1.00	gente
205.14	205.32	1.00	bem
205.32	205.44	1.00	na
205.44	205.86	0.99	estação
205.86	206.10	0.94	aqui,
206.26	206.32	0.63	a
206.32	206.42	1.00	gente
206.42	206.58	1.00	vai
206.58	206.80	0.99	subir
206.80	207.22	1.00	andando
207.22	207.90	0.80	para
207.90	208.02	1.00	ver
208.02	208.10	1.00	o
208.10	208.46	1.00	castelo
208.46	208.58	0.99	que
208.58	208.70	1.00	já
208.70	208.94	0.98	está
208.94	209.78	1.00	ali
209.78	210.10	1.00	atrás.
220.96	221.44	0.55	O
221.44	221.92	0.61	Monjuic
221.92	222.26	0.86	é
222.26	222.84	0.99	chamado
222.84	223.12	0.99	assim
223.12	223.54	0.84	porque,
223.76	223.94	0.99	na
223.94	224.18	1.00	verdade,
224.34	224.34	0.90	é
224.34	224.42	0.90	um
224.42	224.62	0.99	monte
224.62	224.84	0.48	dos
224.84	225.30	0.99	judeus.
225.62	225.68	0.97	Ele
225.68	225.88	0.99	ficou
225.88	226.34	0.99	famoso
226.34	226.46	0.99	em
226.46	227.50	0.99	1929,
227.58	227.80	0.87	com
227.80	227.88	0.98	a
227.88	228.36	1.00	exposição
228.36	228.50	0.99	que
228.50	228.74	0.83	esteve
228.74	229.06	1.00	aqui,
229.62	229.80	0.59	foi
229.80	229.98	1.00	quando
229.98	230.16	0.92	foram
230.16	230.68	0.85	inaugurados
230.68	230.82	0.96	os
230.82	231.28	0.97	espetáculos
231.28	231.46	0.97	da
231.46	231.92	0.72	Fonte.
232.58	232.90	0.86	E
232.90	233.26	0.98	hoje
233.26	233.40	0.80	está
233.40	234.06	1.00	desativado,
234.14	234.26	0.94	acho
234.26	234.36	1.00	que
234.36	234.50	0.85	tem
234.50	234.52	0.72	um
234.52	234.86	0.27	endato
234.86	235.06	0.95	e
235.06	235.42	0.95	hora
235.42	235.60	0.59	para
235.60	236.06	1.00	acontecer.
236.78	237.26	0.99	Não
237.26	237.74	1.00	coincidiu
237.74	238.20	0.61	no
238.20	238.48	1.00	período
238.48	238.62	0.84	que
238.62	238.72	0.99	a
238.72	238.82	1.00	gente
238.82	239.02	1.00	vai
239.02	239.20	0.99	estar
239.20	239.46	1.00	aqui.
240.10	240.60	0.50	Mas
240.60	240.86	0.93	fica
240.86	241.00	0.98	a
241.00	241.14	1.00	dica
241.14	241.38	0.91	aí.
255.36	256.00	0.89	Agora
256.00	256.22	0.93	nós
256.22	256.50	1.00	estamos
256.50	256.96	1.00	descendo
256.96	257.28	0.98	todo
257.28	257.44	0.72	o
257.44	257.86	0.68	Monjuic
257.86	258.34	0.87	andando.
259.08	259.72	0.51	Para
259.72	260.12	0.99	chegar
260.12	261.08	0.65	em
261.08	261.22	0.75	uma
261.22	262.12	0.93	Barceloneta.
262.80	263.36	0.99	Onde
263.36	263.56	0.98	a
263.56	263.68	1.00	gente
263.68	263.84	1.00	vai
263.84	264.30	1.00	procurar
264.30	264.60	0.99	algo
264.60	264.82	0.97	para
264.82	265.44	0.99	comer.
265.86	266.20	0.97	Porque
266.20	267.10	0.53	o
267.10	267.12	0.93	meu
267.12	267.68	0.94	dragãozinho
267.68	268.00	0.95	aqui
268.00	268.28	0.92	tem
268.28	268.40	1.00	que
268.40	268.72	1.00	ser
268.72	269.66	1.00	alimentado.
270.10	270.26	0.05	com
270.26	270.66	0.96	fome.
270.86	271.10	0.94	Antes
271.10	271.26	1.00	que
271.26	271.68	0.99	comece
271.68	271.78	1.00	a
271.78	272.06	1.00	ficar
272.06	272.28	1.00	de
272.28	272.52	0.97	mau
272.52	272.84	0.99	humor,
273.08	273.42	0.53	que
273.42	273.50	1.00	eu
273.50	273.62	1.00	já
273.62	274.16	1.00	conheço.
274.48	274.92	0.99	Chegamos
274.92	275.38	1.00	em
275.38	275.56	1.00	mais
275.56	275.70	1.00	um
275.70	275.94	1.00	ponto
275.94	276.72	1.00	turístico,
276.90	277.58	0.93	e
277.58	277.74	0.92	pra
277.74	278.06	1.00	mim
278.06	278.34	0.86	é
278.34	278.46	1.00	um
278.46	278.54	1.00	dos
278.54	278.74	1.00	mais
278.74	279.28	1.00	bonitos.
280.50	280.94	1.00	Chegamos
280.94	281.08	1.00	em
281.08	281.88	0.98	Barceloneta,
282.22	282.54	0.99	que
282.54	282.60	1.00	é
282.60	282.74	1.00	tipo
282.74	282.86	0.95	a
282.86	283.14	0.92	orla
283.14	283.48	1.00	daqui.
284.28	284.38	0.89	É
284.38	284.60	0.99	muito
284.60	284.88	1.00	lindo
284.88	285.02	0.80	o
285.02	285.22	1.00	lugar.
285.46	285.52	1.00	E
285.52	285.76	1.00	atrás
285.76	285.92	0.99	da
285.92	286.14	1.00	gente
286.14	286.28	0.77	tem
286.28	286.42	0.99	esse
286.42	287.04	0.99	pequenininho
287.04	287.30	1.00	aqui,
288.20	288.40	0.83	nosso
288.40	288.70	1.00	amigo
288.70	289.30	0.98	Colombo,
289.88	290.18	1.00	bem
290.18	290.32	0.95	de
290.32	290.68	1.00	frente,
291.48	291.58	0.26	a
291.58	292.30	1.00	Barceloneta.
292.58	292.68	1.00	E
292.68	292.74	0.98	aí
292.74	292.92	0.97	vamos
292.92	293.26	1.00	caminhar
293.26	293.40	1.00	aqui
293.40	293.62	1.00	agora.
293.72	293.90	0.75	Pois
293.90	294.04	1.00	é,
294.10	294.20	1.00	e
294.20	294.36	1.00	as
294.36	294.56	0.55	más
294.56	294.92	0.81	línguas
294.92	295.32	1.00	dizem
295.32	295.68	1.00	que
295.68	295.78	1.00	o
295.78	295.98	1.00	dedo
295.98	296.16	0.99	dele
296.16	296.30	0.58	tá
296.30	296.62	0.98	apontando
296.62	296.80	0.84	pra
296.80	297.20	0.99	América.
298.44	298.84	0.97	Ele
298.84	298.92	1.00	tá
298.92	299.32	1.00	apontando
299.32	299.50	0.95	ali,
299.50	299.60	0.31	Não
299.60	299.70	0.98	sei
299.70	299.80	0.99	se
299.80	299.96	0.91	vocês
299.96	300.26	0.91	viram,
300.42	300.98	0.98	mas
300.98	301.16	0.96	a
301.16	301.26	1.00	gente
301.26	301.56	0.91	agora
301.56	301.84	0.99	vai
301.84	302.86	0.87	parar
302.86	303.02	0.82	pra
303.02	303.30	1.00	comer,
303.40	303.42	0.51	que
303.42	303.48	0.91	eu
303.48	303.54	0.78	tô
303.54	303.80	0.70	morrendo
303.80	303.96	1.00	de
303.96	304.42	1.00	fome,
304.62	305.10	0.95	e
305.10	305.22	0.92	aí
305.22	305.54	0.93	depois
305.54	305.84	0.90	seguir
305.84	306.10	1.00	andando
306.10	306.34	0.96	aí
306.34	307.10	0.64	pro
307.10	307.42	0.93	Barcelona.
318.02	318.48	0.95	É
318.48	318.84	1.00	que
318.84	319.64	0.94	eu
319.64	319.88	0.66	tenho
319.88	320.04	0.48	uma
320.04	320.24	0.12	atenção
320.24	320.94	0.72	que
320.94	321.16	0.93	toda
321.16	321.36	1.00	vez
321.36	321.54	1.00	que
321.54	321.62	0.99	eu
321.62	322.00	0.96	viajo,
322.20	322.42	1.00	eu
322.42	322.64	1.00	tenho
322.64	322.76	1.00	que
322.76	323.20	1.00	comer
323.20	323.86	0.96	um
323.86	324.48	0.87	McDonald's
324.48	324.60	1.00	de
324.60	324.80	1.00	cada
324.80	325.14	0.99	lugar.
326.00	326.44	0.22	E
326.44	326.82	0.63	aí,
327.26	327.80	0.11	Diego,
327.94	328.12	0.28	você
328.12	328.28	0.65	vai
328.28	328.48	0.98	viajar
328.48	328.78	0.99	comigo,
328.88	329.12	0.70	ele
329.12	329.22	0.82	vai
329.22	329.42	0.96	entrar
329.42	329.60	0.99	na
329.60	329.80	0.99	onda
329.80	330.10	0.99	também
330.82	331.26	0.28	O
331.26	331.44	0.99	da
331.44	332.18	1.00	Espanha,
332.28	332.48	1.00	eu
332.48	332.62	1.00	já
332.62	332.90	1.00	tinha
332.90	333.46	0.95	comido
334.10	334.54	0.77	Só
334.54	334.74	0.99	que
334.74	334.88	0.99	tem
334.88	335.12	1.00	muito
335.12	335.52	1.00	tempo
335.52	335.92	0.55	E
335.92	336.10	1.00	ele
336.10	336.28	0.77	ainda
336.28	336.70	0.89	comeu
336.70	337.20	0.64	E
337.20	337.34	0.95	aí
337.34	337.40	0.85	eu
337.40	337.56	1.00	queria
337.56	337.76	1.00	ver
337.76	337.94	0.99	como
337.94	338.00	0.95	é
338.00	338.10	0.78	que
338.10	338.12	0.35	tem
338.12	338.38	0.47	Fiz
338.38	338.60	0.96	esse
338.60	338.84	0.33	Mc
338.84	339.32	0.81	Crispy
339.32	339.80	0.93	Korean
339.80	340.20	0.58	BBQ
340.20	340.72	0.85	aqui
342.04	342.48	0.98	E
342.48	342.92	0.67	essa
342.92	343.50	1.00	batatinha
343.50	343.82	0.71	Que
343.82	343.88	1.00	é
343.88	344.00	0.99	bem
344.00	344.32	0.98	diferente
344.32	344.44	0.89	da
344.44	344.52	0.99	do
344.52	344.78	1.00	Brasil
344.78	345.00	0.70	E
345.00	345.20	1.00	muito
345.20	345.54	0.74	gostosa,
345.56	345.70	0.53	porque
345.70	345.76	0.91	eu
345.76	345.84	0.98	já
345.84	346.30	0.57	pensei
346.30	347.04	0.17	Agora,
347.24	347.46	0.13	olha
347.46	347.76	0.69	isso
350.96	351.40	0.66	Porra,
351.78	352.20	0.86	peraí
353.34	353.78	0.69	Você
353.78	353.88	0.29	tem
353.88	353.88	0.82	que
353.88	354.04	0.20	comer
354.04	354.22	0.15	aqui,
354.22	354.28	0.77	né?
364.28	364.98	0.14	E
364.98	365.68	0.77	aí,
365.76	365.84	0.87	bom?
371.59	371.94	0.06	O
371.94	372.34	0.98	hambúrguer
372.34	372.56	0.49	tem
372.56	373.56	0.94	algum
373.56	373.84	0.99	molho
373.84	374.26	0.70	especial
374.26	374.38	0.18	que
374.38	374.42	0.71	é
374.42	374.52	0.24	meu
374.52	374.90	0.97	chefe,
374.94	375.54	0.96	Pedro
375.54	376.18	0.78	Jiménez.
380.48	381.18	0.47	Melou
381.18	381.34	0.81	sua
381.34	381.66	1.00	boca.
382.50	382.74	0.56	Toda,
382.76	382.86	0.94	toda.
383.24	383.78	0.97	Bom?
384.32	384.82	0.80	É
384.82	384.96	1.00	bom.
385.60	386.04	0.37	Agora
386.04	386.16	0.59	esse
386.16	386.46	0.86	barbecue,
386.74	387.92	0.63	mas
387.92	388.00	0.71	é
388.00	388.10	1.00	bom.
388.90	389.34	1.00	Acabamos
389.34	389.48	0.99	de
389.48	389.66	1.00	sair
389.66	389.78	0.98	aqui
389.78	389.88	1.00	do
389.88	390.64	0.98	McDonald's.
391.10	391.54	0.99	O
391.54	391.72	1.00	seu
391.72	392.06	1.00	deu
392.06	392.30	0.73	R
392.30	392.82	0.92	$10
392.82	393.30	0.99	,60?
393.48	393.62	0.98	Não,
394.04	394.20	1.00	R
394.20	394.56	1.00	$9
394.56	395.34	1.00	,70.
395.60	395.72	0.99	R
395.72	395.80	1.00	$9
395.80	396.36	1.00	,70.
396.56	396.80	0.99	O
396.80	396.94	1.00	meu
396.94	397.20	1.00	foi
397.20	397.40	1.00	R
397.40	397.58	0.99	$13
397.58	398.22	1.00	,60.
398.50	398.74	0.90	Ele
398.74	398.94	1.00	pediu
398.94	399.04	1.00	um
399.04	399.18	0.87	Big
399.18	399.62	0.98	Combo
399.62	399.90	1.00	também,
400.08	400.18	0.99	né?
400.98	401.42	0.93	Mas
401.42	401.56	0.89	no
401.56	401.74	1.00	final
401.74	401.96	1.00	das
401.96	402.40	1.00	contas,
402.42	402.90	1.00	valeu.
403.42	403.86	1.00	Deu
403.86	403.96	0.39	para
403.96	404.14	1.00	encher
404.14	404.30	1.00	a
404.30	404.68	1.00	barriga
404.68	404.80	0.81	para
404.80	404.90	1.00	a
404.90	404.98	1.00	gente
404.98	405.36	1.00	continuar
405.36	405.56	1.00	o
405.56	405.78	1.00	dia.
406.26	406.26	0.92	E
406.26	406.48	0.99	aí?
407.20	407.44	0.88	Melhor
407.44	407.52	0.99	do
407.52	407.86	1.00	Brasil?
409.38	409.82	0.55	Ainda
409.82	409.96	1.00	do
409.96	410.24	1.00	Brasil
410.24	410.52	0.81	ganha
410.52	410.66	0.95	para
410.66	410.80	0.98	mim.
410.90	411.06	0.94	É,
411.12	411.18	1.00	para
411.18	411.32	1.00	mim
411.32	411.50	1.00	também.
412.56	413.00	1.00	Chegamos
413.00	413.38	0.98	à
413.38	413.84	0.94	Praia
413.84	414.02	0.98	de
414.02	414.16	0.56	La
414.16	414.96	0.95	Barceloneta.
415.68	416.08	0.60	Sim.
416.78	417.18	0.84	E
417.18	417.32	0.83	aí,
417.38	417.44	0.94	o
417.44	417.52	1.00	que
417.52	417.68	0.94	você
417.68	417.82	0.99	tem
417.82	417.92	0.52	pra
417.92	418.18	1.00	falar,
418.28	418.50	0.47	Marcos?
419.16	419.34	0.51	Eu
419.34	419.54	0.68	tenho
419.54	419.74	0.97	pra
419.74	420.20	1.00	falar
420.20	420.90	0.45	porque
420.90	421.40	0.70	tá
421.40	421.84	0.99	frio
421.84	422.00	0.96	pra
422.00	422.50	0.99	caramba.
422.92	423.24	0.70	E
423.24	423.30	0.97	eu
423.30	423.42	0.99	tenho
423.42	424.26	0.69	certeza...
424.26	424.60	0.33	Ali
424.60	424.70	0.69	eu
424.70	424.82	0.98	já
424.82	424.94	0.89	vi
424.94	425.04	0.70	o
425.04	425.18	0.89	jet
425.18	425.36	0.89	ski
425.36	425.56	0.93	mesmo
425.56	425.74	0.97	no
425.74	425.94	0.78	mar.
426.50	426.62	0.38	A
426.62	426.76	1.00	galera
426.76	427.46	0.83	daqui...
427.46	428.02	0.94	Beleza,
428.10	428.18	0.98	eles
428.18	428.30	0.73	estão
428.30	428.80	0.99	acostumados,
428.92	428.92	0.69	né?
428.98	429.08	0.98	Mas
429.08	429.14	0.96	a
429.14	429.32	1.00	galera
429.32	429.54	0.97	daqui
429.54	429.68	0.96	não
429.68	429.98	0.48	sente
429.98	430.34	0.99	frio.
430.70	431.10	0.97	Mas
431.10	431.22	0.98	é
431.22	431.30	0.99	uma
431.30	431.50	0.99	praia
431.50	431.76	1.00	bonita
431.76	431.92	1.00	pra
431.92	432.30	1.00	caramba.
432.66	432.92	0.55	É
432.92	433.16	0.94	muito
433.16	433.42	0.95	bonita.
433.46	433.58	0.76	E
433.58	433.66	0.73	é
433.66	433.74	0.99	um
433.74	433.84	1.00	dos
433.84	434.06	0.99	pontos
434.06	434.58	1.00	principais
434.58	434.84	0.47	daqui.
435.92	436.32	0.85	Muito
436.32	436.70	0.92	bonita.
436.76	436.86	0.98	É
436.86	437.02	1.00	bom
437.02	437.36	0.99	você
437.36	437.64	1.00	andar
437.64	437.98	0.99	aqui,
438.12	438.52	1.00	sentar,
438.68	439.68	1.00	relaxar,
439.84	440.04	0.99	tomar
440.04	440.22	0.99	uma
440.22	440.80	1.00	cerveja,
441.02	441.76	0.99	ficar
441.76	442.04	1.00	vendo
442.04	442.38	0.92	e
442.38	442.84	0.95	apreciando
442.84	442.92	1.00	a
442.92	443.38	1.00	paisagem.
460.94	461.62	0.72	Almoçamos,
461.96	462.42	0.79	e
462.42	462.78	0.90	aí
462.78	463.50	0.71	Diego
463.50	463.66	0.20	está
463.66	463.76	0.22	em
463.76	464.10	0.25	um
464.10	464.46	0.93	parque
464.46	464.62	0.98	de
464.62	465.18	0.35	passões
466.50	467.18	0.24	E
467.18	467.86	0.38	nós
467.86	468.02	0.19	temos
468.02	468.16	0.46	que
468.16	468.26	0.77	ter
468.26	468.48	0.99	uma
468.48	469.46	0.73	sobrepesa,
469.66	469.88	0.84	a
469.88	470.40	0.97	sobrepesa
470.40	470.56	0.89	dele
470.56	470.78	0.98	foi
470.78	471.16	0.94	diferente
476.86	477.46	0.02	a
477.46	477.98	0.82	cervejaria
477.98	478.24	0.58	é
478.24	478.46	0.66	um
478.46	478.90	0.86	vaso
478.90	479.00	0.86	de
479.00	479.16	0.45	um
479.16	480.14	0.02	e
480.14	482.22	0.53	rápido
482.22	482.44	0.64	está
482.44	482.72	0.80	super
482.72	483.10	0.76	cheio
483.10	483.66	0.14	e
483.66	483.86	0.58	aí
483.86	483.98	0.69	ele
483.98	484.10	0.87	veio
484.10	484.46	0.89	provar
484.46	484.64	0.61	essa
484.64	485.04	0.71	bendita
485.04	485.46	0.84	cerveja
485.46	485.76	0.43	está
485.76	486.24	0.90	provado?
510.04	510.70	0.97	Chegamos
510.70	510.92	0.94	aqui
510.92	511.20	0.94	agora
511.20	511.38	0.92	na
511.38	511.94	0.76	Cascata
511.94	512.10	0.99	do
512.10	512.46	0.98	Parque
512.46	512.64	0.80	da
512.64	513.22	0.86	Cidadela,
513.54	514.26	0.97	mais
514.26	514.48	0.99	um
514.48	514.80	0.99	daqueles
514.80	515.48	0.99	monumentos
515.48	516.30	0.97	enormes
516.30	516.74	0.94	que
516.74	517.04	0.55	tem,
517.28	518.16	0.91	que
518.16	518.52	0.91	existem
518.52	518.86	0.80	por
518.86	519.12	1.00	aqui,
520.34	520.94	0.97	e
520.94	521.04	0.98	é
521.04	521.18	0.99	isso,
521.24	521.36	0.97	vamos
521.36	521.88	1.00	aproveitar.
537.64	538.28	0.88	Quando
538.28	538.44	1.00	eu
538.44	538.84	1.00	falo
538.84	539.20	0.99	que
539.20	540.10	0.99	Barcelona
540.10	541.48	0.90	é
541.48	542.28	1.00	uma
542.28	542.58	1.00	cidade
542.58	543.34	1.00	maravilhosa
543.34	543.64	0.07	Eu
543.64	544.18	0.82	juro,
544.38	544.66	0.97	todo
544.66	545.08	0.95	canto
545.08	545.38	0.99	daqui
545.38	546.14	0.79	é
546.14	546.36	0.94	sem
546.36	546.72	1.00	nenhum
546.72	547.24	1.00	defeito
547.24	547.66	0.75	As
547.66	547.82	1.00	ruas
547.82	548.00	1.00	são
548.00	548.42	1.00	lindas,
548.44	548.76	1.00	lindas,
548.76	549.24	1.00	lindas
549.24	550.04	0.99	E
550.04	550.14	0.44	aí
550.14	550.34	0.99	agora
550.34	550.60	1.00	estamos
550.60	550.96	1.00	aqui
550.96	551.54	0.57	quase
551.54	551.72	1.00	no
551.72	552.10	1.00	finalzinho
552.10	552.22	1.00	de
552.22	552.64	1.00	tarde
552.64	553.50	0.93	No
553.50	553.86	1.00	finalzinho
553.86	553.98	1.00	de
553.98	554.24	1.00	tarde,
554.32	554.42	1.00	né?
554.74	555.10	1.00	E
555.10	555.34	1.00	viemos
555.34	555.52	1.00	ver
555.52	555.62	1.00	o
555.62	555.86	0.80	Arco
555.86	556.00	1.00	do
556.00	556.44	1.00	Triunfo
556.44	556.66	0.70	daqui
556.66	556.80	1.00	de
556.80	557.24	1.00	Barcelona
557.24	557.48	0.88	Que
557.48	557.62	1.00	é
557.62	559.24	0.99	lindíssimo
559.24	560.22	0.91	Olhem
560.22	560.32	1.00	o
560.32	560.70	1.00	visual
582.14	582.54	0.86	Uma
582.54	582.92	1.00	coisa
582.92	583.10	1.00	que
583.10	583.22	1.00	a
583.22	583.30	1.00	gente
583.30	583.56	0.99	faz
583.56	583.84	0.02	Quando
583.84	584.38	0.85	viemos
584.38	584.58	0.61	pra
584.58	584.86	1.00	cá
584.86	585.48	0.43	É
585.48	585.68	0.95	tentar
585.68	586.24	1.00	economizar
586.24	586.38	0.93	no
586.38	586.62	1.00	café
586.62	586.76	1.00	da
586.76	587.02	1.00	manhã
587.02	587.26	0.80	É
587.26	587.36	1.00	uma
587.36	587.72	0.99	refeição
587.72	587.84	0.99	que
587.84	587.90	1.00	a
587.90	587.98	1.00	gente
587.98	588.44	1.00	acorda,
588.50	588.56	0.88	tá
588.56	588.68	1.00	em
588.68	589.02	1.00	casa
589.02	589.12	0.80	e
589.12	589.30	1.00	tal
589.70	590.10	0.77	No
590.10	590.38	1.00	hotel,
590.44	590.52	1.00	né?
590.70	590.84	0.15	Porque
590.84	590.94	0.83	a
590.94	591.02	1.00	gente
591.02	591.38	0.98	prefere
591.38	591.64	0.93	comer
591.64	591.76	0.96	no
591.76	592.04	0.99	hotel,
592.30	593.18	0.79	e
593.18	593.34	0.64	aí
593.34	593.48	0.90	a
593.48	593.60	1.00	gente
593.60	593.74	0.48	tá
593.74	593.88	0.98	aqui
593.88	593.96	0.99	no
593.96	594.32	0.99	mercado
594.32	594.62	0.67	agora,
594.64	595.00	0.95	fazendo
595.00	595.14	0.37	o
595.14	595.22	0.99	nosso
595.22	595.50	0.89	café
595.50	595.60	0.99	da
595.60	595.84	0.95	manhã
595.84	595.92	0.79	de
595.92	596.32	0.95	amanhã.
597.10	597.50	0.57	Mata
597.50	597.74	0.98	aqui,
597.92	597.92	0.40	ó,
598.48	598.76	0.62	pega
598.76	598.92	0.48	a
598.92	599.50	0.66	menstruação
599.50	599.92	0.77	pra
599.92	600.08	0.93	gente
600.08	600.42	1.00	comer.
600.48	600.60	0.94	Aí
600.60	600.76	0.97	a
600.76	600.86	1.00	gente
600.86	601.18	1.00	vai
601.18	602.26	0.96	comprar
602.26	602.66	0.99	queijo,
602.74	603.20	0.95	presunto,
603.38	604.10	0.96	tem
604.10	604.34	0.97	um
604.34	604.78	0.81	sanduíche
604.78	604.96	0.91	de
604.96	605.14	0.86	frango
605.14	605.36	0.99	também
605.36	605.52	0.74	que
605.52	605.58	1.00	a
605.58	605.68	1.00	gente
605.68	605.86	1.00	vai
605.86	606.10	1.00	levar
606.10	606.28	0.95	pra
606.28	606.52	1.00	comer
606.52	606.66	1.00	no
606.66	606.92	1.00	próximo
606.92	607.28	1.00	dia.
607.78	608.18	0.94	Deixa
608.18	608.30	1.00	na
608.30	608.70	1.00	geladeira
608.70	608.80	0.99	e
608.80	608.94	0.83	come
608.94	609.34	1.00	depois.
610.46	610.86	0.99	E
610.86	610.96	1.00	é
610.96	611.16	1.00	isso.
611.56	611.90	0.99	A
611.90	611.96	1.00	gente
611.96	612.18	1.00	tenta
612.18	612.64	1.00	economizar
612.64	612.74	0.99	no
612.74	612.96	1.00	café
612.96	613.08	1.00	da
613.08	613.42	1.00	manhã
613.42	613.76	0.83	pra
613.76	613.98	1.00	poder
613.98	614.28	0.99	gastar
614.28	614.40	1.00	um
614.40	614.58	1.00	pouco
614.58	614.78	1.00	mais
614.78	614.92	0.93	nas
614.92	615.08	1.00	outras
615.08	615.50	0.98	refeições
615.50	615.66	1.00	do
615.66	615.86	1.00	dia
615.86	615.98	0.95	e
615.98	616.16	0.99	comer
616.16	616.26	1.00	um
616.26	616.44	0.99	pouco
616.44	616.74	1.00	melhor.
617.72	618.12	0.99	Chegamos
618.12	618.28	0.97	no
618.28	618.52	1.00	nosso
618.52	618.82	0.99	último
618.82	619.30	0.84	bichão
619.30	619.44	0.80	do
619.44	619.58	0.68	dia.
620.70	621.10	0.36	Muito
621.10	621.74	0.96	cansados,
622.06	622.40	0.94	hoje
622.40	622.46	0.79	a
622.46	622.62	0.99	gente
622.62	622.96	0.95	andou
622.96	623.62	0.95	demais
623.62	624.14	0.05	também.
626.54	627.22	0.12	Uns
627.22	627.56	0.94	18
627.56	628.00	0.71	quilômetros.
630.22	630.90	0.87	E
630.90	631.10	0.98	agora
631.10	631.26	0.90	eu
631.26	631.48	0.99	acabei
631.48	631.60	0.99	de
631.60	631.80	0.99	pedir
631.80	632.06	0.31	a
632.06	632.12	0.94	minha
632.12	633.10	0.97	primeira
633.10	633.58	0.55	tapa
633.58	634.00	0.91	de
634.00	634.60	0.94	Barcelona,
635.48	636.16	0.71	pedi
636.16	636.34	0.91	uma
636.34	636.66	0.39	papa
636.66	637.14	0.97	brava
637.14	638.64	0.36	com
638.64	638.96	0.97	uma
638.96	639.64	0.96	cerveza
639.64	640.02	0.93	para
640.02	640.60	0.99	acompanhar.
657.64	658.42	0.71	Bom
658.42	658.82	0.99	dia,
659.64	659.96	0.94	estamos
659.96	660.40	0.93	aqui,
660.62	661.10	0.98	mais
661.10	661.28	0.99	um
661.28	661.46	1.00	dia
661.46	661.58	0.99	em
661.58	662.06	0.98	Barcelona,
662.50	663.56	0.91	hoje
663.56	664.84	0.95	temos
664.84	665.06	0.97	uma
665.06	665.76	0.98	programação
665.76	666.02	0.92	mais
666.02	666.22	0.95	a
666.22	666.38	0.98	pé
666.38	667.08	0.50	novamente,
667.50	668.06	0.98	ontem
668.06	668.46	0.99	andamos
668.46	669.52	0.37	algo
669.52	669.68	0.93	em
669.68	669.84	1.00	torno
669.84	669.98	1.00	de
669.98	670.22	0.93	20
670.22	670.64	0.21	km,
671.12	671.36	0.94	foi
671.36	671.54	0.98	bem
671.54	672.00	0.99	cansativo,
672.74	674.12	0.25	por
674.12	674.46	0.76	primeiro
674.46	674.84	1.00	dia,
675.50	675.78	0.85	mas
675.78	675.98	0.98	vamos
675.98	676.20	0.99	nessa,
676.20	676.54	0.59	Acabamos
676.54	676.66	0.99	de
676.66	676.78	1.00	sair
676.78	676.90	1.00	do
676.90	677.12	1.00	hotel
677.12	677.38	0.97	aqui.
677.66	677.98	0.98	E
677.98	678.28	1.00	o
678.28	678.50	1.00	legal
678.50	678.62	1.00	do
678.62	678.86	0.99	bairro
678.86	678.98	0.81	de
678.98	679.34	0.73	graça
679.34	679.62	0.93	aqui
679.62	680.10	0.69	é
680.10	680.46	0.93	porque
680.46	681.12	0.65	na
681.12	681.40	1.00	rua
681.40	681.54	1.00	que
681.54	681.66	1.00	a
681.66	681.78	1.00	gente
681.78	682.06	0.48	está.
682.48	682.72	0.59	Tem
682.72	683.06	0.43	duas
683.06	683.70	0.79	cafecerias.
683.80	684.06	0.97	Tem
684.06	684.28	0.85	várias
684.28	684.52	0.98	coisas.
684.72	684.72	0.96	Tem
684.72	685.18	0.96	restaurante.
685.22	685.66	0.57	Envolvemos
685.66	685.70	0.38	que
685.70	685.78	0.63	estamos
685.78	686.10	0.99	passando
686.10	686.26	0.58	por
686.26	686.34	0.32	um
686.34	686.66	0.76	ladinho.
687.04	687.40	0.89	Isso.
687.70	688.22	0.74	Restaurante
688.22	688.40	0.42	vai
688.40	688.64	0.77	caro.
688.82	689.34	0.81	Cafeteria.
689.52	690.04	1.00	Barbearia.
690.20	690.72	1.00	Barbearia
690.72	690.96	0.63	para
690.96	691.14	0.71	os
691.14	691.44	0.43	futs.
691.58	691.86	0.80	É.
692.02	692.16	1.00	Tem
692.16	692.40	1.00	muita
692.40	692.68	1.00	coisa
692.68	692.96	1.00	aqui.
693.44	693.96	0.69	Então
693.96	694.12	0.98	é
694.12	694.24	1.00	bem
694.24	694.54	1.00	legal.
702.08	702.60	0.98	Já
702.60	702.86	1.00	peguei
702.86	703.00	0.88	meu
703.00	703.60	0.99	cafezinho.
704.02	704.54	0.76	Venhamos
704.54	704.72	1.00	aqui
704.72	704.82	1.00	na
704.82	705.04	1.00	nossa
705.04	705.34	1.00	primeira
705.34	705.72	1.00	parada
705.72	705.88	1.00	do
705.88	706.10	1.00	dia.
707.72	708.16	0.58	Casa
708.16	708.60	0.59	Vincens,
708.76	708.96	0.82	uma
708.96	709.12	1.00	das
709.12	709.52	1.00	primeiras
709.52	709.90	1.00	obras
709.90	711.08	0.94	do
711.08	711.58	0.99	arquiteto
711.58	712.08	0.78	Gaudi,
712.30	712.62	0.95	que
712.62	712.74	0.98	vai
712.74	712.90	1.00	ser
712.90	713.16	1.00	pouco
713.16	713.52	0.92	falado
713.52	713.72	0.88	nessa
713.72	714.16	1.00	viagem,
714.20	714.30	0.84	né,
714.36	714.50	0.52	irmão?
714.76	714.94	0.30	É
714.94	717.12	0.84	uma
717.12	717.76	0.97	arquitetura
717.76	719.16	0.70	surreal,
719.68	719.98	0.99	bem
719.98	720.40	1.00	diferente,
720.56	721.10	0.99	oriental,
721.24	721.36	0.93	assim.
721.92	722.02	0.98	Em
722.02	722.52	0.99	2005,
722.54	722.70	1.00	ela
722.70	722.88	1.00	foi
722.88	723.30	1.00	considerada
723.30	723.52	0.54	como
723.52	724.08	0.90	patrimônio
724.08	724.68	1.00	mundial
724.68	724.86	0.99	da
724.86	725.28	0.82	Unesco.
726.68	727.12	0.96	E
727.12	727.44	1.00	ela
727.44	727.60	0.99	tem
727.60	727.68	1.00	uma
727.68	727.96	1.00	visita
727.96	728.36	1.00	interna
728.36	728.48	0.95	que
728.48	728.58	1.00	a
728.58	728.64	1.00	gente
728.64	728.80	1.00	não
728.80	728.92	1.00	vai
728.92	729.30	1.00	fazer,
730.04	730.26	0.81	porque
730.26	730.36	0.40	não
730.36	730.42	1.00	é
730.42	730.58	0.97	muito
730.58	730.82	0.83	nossa
730.82	731.34	1.00	praia.
732.08	732.52	0.99	E
732.52	732.66	1.00	a
732.66	732.72	1.00	gente
732.72	733.16	1.00	escolheu
733.16	733.34	0.99	os
733.34	733.50	0.99	pontos
733.50	733.84	0.97	turísticos
733.84	733.98	1.00	que
733.98	734.04	1.00	a
734.04	734.12	1.00	gente
734.12	734.34	0.98	queria
734.34	734.80	1.00	visitar
734.80	735.66	0.84	internamente,
735.66	736.04	0.21	que
736.04	736.28	0.16	não
736.28	736.34	0.92	teria
736.34	736.70	0.85	mais
736.70	737.26	0.87	a
737.26	737.36	1.00	ver
737.36	737.50	0.99	com
737.50	737.60	0.98	a
737.60	737.82	1.00	gente,
738.04	739.40	0.86	e
739.40	739.52	0.99	é
739.52	739.72	1.00	isso,
740.04	740.26	0.42	é
740.26	741.26	0.96	bonito
741.26	741.78	0.99	demais,
742.24	742.52	0.90	mas
742.52	742.68	0.96	vamos
742.68	742.94	0.81	partir
742.94	743.12	0.39	para
743.12	743.12	0.96	o
743.12	743.30	0.31	próprio,
744.34	744.62	0.81	algo
744.62	744.78	0.85	para
744.78	745.00	0.70	falar,
745.18	745.26	0.38	mano,
745.34	746.96	0.27	é
746.96	747.34	0.92	isso.
761.52	762.24	0.92	Chegamos
762.24	762.60	0.98	no
762.60	762.90	0.96	bairro
762.90	763.46	0.66	Gótico,
763.58	764.64	0.90	estamos
764.64	765.28	1.00	chegando
765.28	765.90	0.85	no
765.90	766.32	0.49	M.
766.56	766.64	0.49	Monet,
766.90	767.18	0.87	em
767.18	767.54	0.96	cada
767.54	768.14	0.91	berçada.
768.14	768.24	0.35	Fala
768.24	769.36	0.38	do
769.36	769.54	0.71	Mundo
769.54	769.70	0.96	do
769.70	770.00	0.99	Beijo,
770.00	770.34	0.96	pessoal.
770.66	771.08	0.73	Mural
771.08	771.38	0.98	do
771.38	771.94	0.74	beijo.
773.36	773.84	0.97	Estamos
773.84	774.32	1.00	chegando
774.32	775.82	0.71	em
775.82	776.00	0.93	um
776.00	776.46	0.99	dos
776.46	777.04	1.00	bairros
777.04	777.20	0.98	com
777.20	777.28	0.82	a
777.28	777.74	1.00	arquitetura
777.74	777.98	0.99	mais
777.98	778.44	0.98	icônica
778.44	778.60	0.84	aqui
778.60	778.68	0.50	do
778.68	779.12	0.97	Barcelona.
780.80	781.28	0.80	Meu
781.28	781.52	0.75	louco,
781.64	781.66	0.94	foi
781.66	781.78	0.84	uma
781.78	782.12	0.98	homenagem
782.12	782.40	0.38	ainda
782.40	782.56	0.43	do
782.56	782.72	0.70	bairro.
783.22	783.66	0.87	Hoje
783.66	783.76	0.93	eu
783.76	783.84	0.80	tô
783.84	784.36	0.56	ótimo.
785.28	785.76	0.78	Você
785.76	785.86	0.96	tá
785.86	786.36	0.90	motoqueira
786.36	786.58	0.99	hoje.
786.80	787.12	0.74	Pronto,
787.24	787.42	0.98	pronto.
791.76	792.24	0.95	Gente,
792.48	792.60	0.97	a
792.60	792.76	1.00	gente
792.76	792.98	0.89	chegou
792.98	793.20	0.98	aqui
793.20	793.44	0.99	agora
793.44	793.64	0.84	no
793.64	793.80	1.00	Mundo
793.80	793.92	1.00	do
793.92	794.22	1.00	Beijo.
794.22	794.74	0.36	Aí,
794.78	795.10	0.95	Diego,
795.22	795.32	0.76	pra
795.32	795.48	0.68	me
795.48	796.00	0.88	gastar,
796.30	796.86	0.94	virou
796.86	797.06	0.78	quando
797.06	797.14	0.96	a
797.14	797.26	1.00	gente
797.26	797.44	0.86	tava
797.44	797.66	0.95	vindo
797.66	797.74	0.80	e
797.74	797.88	0.85	fez
797.88	798.14	0.82	assim,
798.56	798.82	0.26	vamos
798.82	799.80	0.96	tirar
799.80	799.96	0.99	uma
799.96	800.22	1.00	foto
800.22	800.38	0.27	se
800.38	800.46	0.51	eu
800.46	800.76	0.97	beijando
800.76	800.88	0.62	no
800.88	801.08	0.54	momento
801.08	801.24	0.79	do
801.24	801.50	0.99	beijo,
801.60	801.72	0.93	aí
801.72	801.96	0.71	virei
801.96	802.02	0.98	pra
802.02	802.14	0.85	mim
802.14	802.26	0.58	e
802.26	802.26	0.26	me
802.26	802.30	0.34	perguntar
802.30	802.40	0.51	assim,
802.40	802.58	0.98	você
802.58	802.76	0.88	vai
802.76	803.80	0.98	achar
803.80	804.34	0.99	que
804.34	804.40	0.96	eu
804.40	804.46	0.96	vou
804.46	804.62	1.00	tirar
804.62	804.72	1.00	uma
804.72	804.90	1.00	foto
804.90	805.14	0.92	dessa.
805.38	805.70	0.99	A
805.70	805.82	1.00	gente
805.82	806.60	1.00	pisou
806.60	806.90	1.00	aqui,
807.10	807.44	0.55	o
807.44	807.66	0.97	casal
807.66	807.78	0.99	tava
807.78	808.02	1.00	fazendo
808.02	808.16	1.00	o
808.16	808.18	0.53	quê?
809.48	809.84	0.99	Na
809.84	810.10	1.00	frente
810.10	810.24	1.00	do
810.24	810.40	0.98	momento
810.40	810.54	1.00	do
810.54	810.64	1.00	beijo,
810.72	810.74	0.99	eu
810.74	810.82	0.99	tô
810.82	811.38	0.73	morta.
813.00	813.36	0.99	Ou
813.36	813.68	1.00	seja,
813.82	814.36	0.95	chegamos
814.36	814.64	0.59	no
814.64	814.86	0.55	momento
814.86	815.04	1.00	do
815.04	815.24	1.00	beijo,
815.34	815.38	1.00	ele
815.38	815.50	1.00	tá
815.50	815.66	1.00	bem
815.66	815.84	1.00	aqui
815.84	816.18	1.00	atrás.
817.50	817.86	0.99	E
817.86	817.94	1.00	a
817.94	818.02	1.00	gente
818.02	818.16	0.98	vai
818.16	818.34	0.99	tirar
818.34	818.48	1.00	uma
818.48	818.76	1.00	foto
818.76	818.92	0.74	lá
818.92	819.12	0.92	já
819.12	819.34	0.94	já.
819.58	819.80	0.84	Né,
819.92	819.94	0.70	amor?
820.50	820.72	0.59	Tome
820.72	820.82	0.70	um
820.82	821.06	0.99	beijinho,
821.14	821.28	0.86	tome
821.28	821.34	1.00	um
821.34	821.54	0.99	beijinho.
841.14	841.72	0.57	pegamos
841.72	842.30	0.67	a
842.30	842.68	0.99	famosa
842.68	843.22	0.86	catedral
843.22	843.36	0.99	de
843.36	843.86	0.85	barcelona
843.86	844.08	0.85	aqui
844.08	844.18	0.99	no
844.18	844.42	1.00	bairro
844.42	844.88	0.97	gótico
844.88	845.22	0.68	mais
845.22	845.36	0.99	um
845.36	845.62	1.00	lugar
845.62	845.84	0.98	com
845.84	845.92	0.67	a
845.92	846.32	1.00	estrutura
846.32	847.02	0.92	surreal
847.02	847.58	0.82	muito
847.58	847.86	0.76	linda
847.86	848.26	0.78	muito
848.26	848.56	0.87	lindo
848.56	849.24	0.93	a
849.24	849.60	0.99	praça
849.60	849.90	0.96	também
849.90	850.04	0.95	é
850.04	850.24	1.00	muito
850.24	850.50	1.00	linda
850.50	850.76	0.98	muito
850.76	851.40	0.90	movimentada
851.40	851.58	0.54	tem
851.58	851.82	1.00	muita
851.82	852.06	1.00	gente
852.06	852.26	0.90	aqui
852.26	852.58	1.00	hoje
854.46	855.06	0.73	Essa
855.06	855.66	0.88	catedral
855.66	855.76	0.99	é
855.76	855.86	1.00	bem
855.86	856.24	1.00	famosa
856.24	856.48	0.14	Ela
856.48	856.66	1.00	tem
856.66	856.84	0.64	um
856.84	856.94	0.95	estudo
856.94	857.10	0.80	meio
857.10	857.54	0.90	medieval
858.28	858.88	0.12	Game
858.88	859.20	1.00	of
859.20	859.50	1.00	Thrones
860.10	860.70	0.98	Mas
860.70	860.92	1.00	é
860.92	861.06	1.00	bem
861.06	861.36	1.00	bonita
861.36	861.64	0.97	mesmo
861.64	862.08	0.97	E
862.08	862.30	1.00	super
862.30	862.68	1.00	famosa
862.68	862.96	1.00	também
872.94	873.54	0.97	Acabamos
873.54	873.64	0.99	de
873.64	873.90	0.87	chegar
873.90	874.04	0.91	nos
874.04	874.34	1.00	lugares
874.34	874.60	0.89	mais
874.60	875.08	1.00	famosos
875.08	875.30	0.63	Do
875.30	876.42	1.00	bairro
876.42	876.90	0.95	gótico
876.90	877.64	0.57	A
877.64	877.94	0.88	ponte
877.94	878.12	1.00	do
878.12	878.42	0.77	Bispo
888.28	888.80	0.92	Seguindo
888.80	888.98	0.43	o
888.98	889.08	1.00	nosso
889.08	889.48	0.99	rumo
889.48	889.70	0.88	aqui,
889.94	890.08	0.78	a
890.08	890.16	1.00	gente
890.16	890.24	0.58	está
890.24	890.58	1.00	passando
890.58	890.70	0.82	na
890.70	890.98	0.76	Praça
890.98	891.22	0.81	San
891.22	891.54	0.84	Jaime,
891.70	891.74	0.92	que
891.74	892.06	0.96	fica
892.06	892.88	0.90	a
892.88	893.42	0.85	prefeitura
893.42	893.52	0.99	de
893.52	894.06	0.99	Barcelona
894.06	895.52	0.80	e
895.52	895.70	0.98	a
895.70	895.98	1.00	sede
895.98	896.10	1.00	do
896.10	896.38	0.84	governo
896.38	896.94	0.85	catalão
896.94	897.12	0.95	aqui
897.12	897.42	0.98	atrás.
914.76	915.28	0.93	Chegamos
915.28	915.58	0.97	aqui
915.58	916.42	0.83	na
916.42	916.72	0.89	Praça
916.72	917.14	0.99	Real,
917.36	917.62	0.71	lugar
917.62	918.32	1.00	lindíssimo,
918.38	918.48	0.90	uma
918.48	918.72	0.99	praça
918.72	919.06	1.00	linda,
919.18	919.36	0.99	linda,
919.44	919.68	0.99	linda,
920.64	920.64	0.75	e
920.64	920.98	0.99	é
920.98	921.52	0.96	um
921.52	921.78	0.99	clima
921.78	922.06	0.63	muito
922.06	922.64	1.00	gostoso,
923.02	923.10	0.92	ela
923.10	923.26	1.00	é
923.26	923.66	0.99	rodeada
923.66	923.84	0.98	por
923.84	924.60	0.98	restaurantes,
924.78	925.64	0.96	construções,
925.74	926.48	0.92	lindíssimas,
926.82	927.06	0.52	muitas,
927.14	927.24	0.94	muitas
927.24	927.50	0.47	vezes.
927.74	928.12	0.99	Inclusive
928.12	928.32	0.90	tem
928.32	928.50	1.00	um
928.50	928.86	0.94	poste
928.86	929.08	1.00	aqui,
929.44	929.96	0.73	que
929.96	930.58	1.00	foi
930.58	930.70	1.00	uma
930.70	930.82	1.00	das
930.82	931.32	1.00	primeiras
931.32	932.40	0.99	obras
932.40	932.54	1.00	de
932.54	933.04	0.68	Gaudi,
933.18	933.92	0.76	que
933.92	934.00	0.94	ele
934.00	934.16	0.01	fez
934.16	934.44	0.94	quando
934.44	934.90	0.82	ele
934.90	935.06	0.96	era
935.06	935.70	1.00	adolescente
935.70	936.02	0.88	ainda
936.02	937.88	0.27	e
937.88	938.22	0.98	é
938.22	938.50	0.99	muito
938.50	938.72	0.98	lindo
938.72	938.96	0.23	muito
938.96	939.30	0.95	bonito
939.30	939.90	0.48	essa
939.90	940.20	0.91	fonte
940.20	940.38	0.80	aqui
940.38	940.50	0.78	a
940.50	940.60	1.00	gente
940.60	941.02	0.99	sentou
941.02	941.20	0.95	aqui
941.20	941.38	0.54	para
941.38	941.48	0.98	dar
941.48	941.56	1.00	uma
941.56	942.24	1.00	descansada
942.24	943.92	0.86	e
943.92	944.42	1.00	esperar
944.42	944.54	0.81	o
944.54	944.70	1.00	horário
944.70	944.80	0.98	do
944.80	945.24	1.00	almoço
945.24	945.58	0.74	vamos
945.58	945.96	1.00	almoçar
945.96	946.36	1.00	agora
946.36	946.68	0.90	encher
946.68	946.82	0.99	a
946.82	947.16	1.00	barriga
947.16	947.30	0.23	para
947.30	947.66	0.98	continuar
947.66	947.82	0.77	o
947.82	947.90	0.99	nosso
947.90	948.18	1.00	dia.
961.78	962.34	0.89	Enquanto
962.34	962.46	0.97	a
962.46	962.52	1.00	gente
962.52	962.96	0.99	procura
962.96	963.14	0.98	alguma
963.14	963.40	1.00	coisa
963.40	963.54	0.88	para
963.54	963.90	0.99	comer
963.90	964.22	0.91	aqui,
964.90	965.46	0.65	a
965.46	965.52	1.00	gente
965.52	966.14	0.96	acabou
966.14	966.32	1.00	de
966.32	966.66	0.99	passar
966.66	966.90	0.98	por
966.90	967.28	0.98	mais
967.28	967.48	0.93	uma
967.48	967.68	0.99	obra
967.68	967.82	0.99	de
967.82	968.22	0.42	gaudi,
968.82	969.38	0.83	Palácio
969.38	969.70	0.34	Géu.
973.90	974.46	0.85	Oi,
974.50	974.80	1.00	pessoal.
974.80	975.56	0.14	A
975.56	975.82	0.98	gente
975.82	977.08	0.57	estava
977.08	977.52	0.98	procurando
977.52	977.64	0.82	um
977.64	978.36	0.53	restaurante
978.36	978.48	0.62	para
978.48	978.78	0.99	comer,
979.14	979.58	0.67	aí
979.58	979.84	0.57	vimos
979.84	980.10	0.89	esse
980.10	980.34	0.98	aqui
980.34	980.50	0.97	na
980.50	980.80	0.99	rua,
980.98	981.30	0.33	também
981.30	981.50	0.25	ele
981.50	982.12	0.97	é
982.12	982.48	0.18	longo,
982.86	982.98	0.87	né?
984.60	984.66	0.59	E
984.66	984.86	0.96	aí
984.86	985.10	0.91	a
985.10	985.10	1.00	gente
985.10	985.52	0.96	procurava
985.52	985.74	0.42	a
985.74	985.88	0.90	avaliação
985.88	986.00	0.82	no
986.00	986.30	0.94	Google
986.30	986.90	0.87	e
986.90	987.10	0.86	estava
987.10	987.74	0.88	boa
987.74	987.88	0.95	a
987.88	988.30	0.99	avaliação.
988.50	989.02	0.91	E
989.02	989.14	0.99	eles
989.14	989.26	0.64	têm
989.26	989.34	0.91	uma
989.34	989.76	1.00	promoção
989.76	989.96	0.96	aqui
989.96	990.14	0.90	de
990.14	990.38	0.50	5
990.38	990.88	0.96	tapas.
993.44	994.04	0.97	5
994.04	994.64	1.00	tapas,
995.62	996.56	0.84	uma
996.56	997.06	0.79	paella
997.06	998.24	0.97	e
998.24	998.40	1.00	uma
998.40	998.90	1.00	bebida
998.90	999.52	0.97	por
999.52	999.80	0.88	19
999.80	1000.16	0.95	euros.
1000.52	1000.86	0.99	Eu
1000.86	1001.16	1.00	roubei
1001.16	1001.28	1.00	a
1001.28	1001.60	1.00	bebida
1001.60	1001.72	1.00	da
1001.72	1002.24	1.00	promoção
1002.24	1002.86	0.97	para
1002.86	1003.08	1.00	pedir
1003.08	1003.24	0.93	minha
1003.24	1003.74	1.00	cerveja.
1019.00	1019.68	0.38	Gente,
1020.58	1020.64	0.99	eu
1020.64	1021.16	1.00	odeio
1021.16	1021.70	0.98	cerveja,
1021.76	1021.88	0.70	tipo
1021.88	1022.04	0.98	assim,
1022.14	1022.18	0.96	eu
1022.18	1022.52	1.00	odeio,
1022.70	1023.20	0.90	já
1023.20	1023.54	1.00	tentei
1023.54	1023.88	0.99	gostar,
1023.96	1024.04	0.99	já
1024.04	1024.40	1.00	tentei
1024.40	1024.60	0.98	beber,
1025.12	1025.50	0.95	eu
1025.50	1025.84	0.81	inclusive
1025.84	1027.16	0.96	odeio
1027.16	1027.50	0.95	eu
1027.50	1027.68	1.00	não
1027.68	1028.10	1.00	gostar
1028.10	1028.20	1.00	de
1028.20	1028.70	1.00	cerveja,
1028.70	1028.94	0.36	Porque
1028.94	1029.08	0.95	o
1029.08	1029.22	0.97	meu
1029.22	1029.76	1.00	custo
1029.76	1029.86	0.82	pra
1029.86	1030.08	0.99	beber
1030.08	1030.24	0.96	é
1030.24	1030.40	0.98	sempre
1030.40	1030.72	1.00	muito
1030.72	1031.06	1.00	alto
1031.06	1031.76	0.67	E
1031.76	1031.86	0.93	aí
1031.86	1032.12	0.97	ontem
1032.12	1032.18	0.47	a
1032.18	1032.30	0.99	gente
1032.30	1032.46	0.47	estava
1032.46	1032.56	0.91	no
1032.56	1033.08	1.00	restaurante
1033.08	1033.24	0.76	Gente,
1033.38	1033.50	0.22	ela
1033.50	1033.62	0.39	ia
1033.62	1033.72	0.68	beber
1033.72	1033.88	0.93	uma
1033.88	1034.22	0.99	cerveja,
1034.26	1034.34	0.63	eu
1034.34	1034.54	1.00	peguei
1034.54	1034.62	0.98	pra
1034.62	1035.12	1.00	provar
1035.72	1036.08	0.96	Horrível
1037.28	1037.64	0.86	Horrível
1038.46	1038.82	0.57	Eu
1038.82	1038.96	1.00	vou
1038.96	1039.26	1.00	provar
1039.26	1039.40	0.75	isso
1039.40	1039.72	1.00	agora
1039.72	1040.20	0.92	Só
1040.20	1040.30	1.00	que
1040.30	1040.38	0.96	a
1040.38	1040.48	1.00	gente
1040.48	1040.60	0.66	não
1040.60	1040.98	0.99	gravou
1040.98	1041.22	0.97	ontem,
1041.22	1041.34	0.82	eu
1041.34	1041.48	1.00	vou
1041.48	1041.70	1.00	provar
1041.70	1041.84	0.98	isso
1041.84	1042.12	1.00	agora
1043.14	1043.50	0.22	Bem
1043.50	1043.80	0.86	-vindo
1043.80	1044.04	0.62	assim
1045.74	1046.10	0.90	Cheiro
1046.10	1046.18	1.00	de
1046.18	1046.66	1.00	cerveja
1046.66	1047.22	0.78	E
1047.22	1047.40	1.00	cheiro
1047.40	1047.48	1.00	de
1047.48	1047.78	1.00	cerveja
1047.78	1047.96	0.98	é
1047.96	1048.54	0.99	horrível
1062.08	1062.58	0.83	Sabe
1062.58	1062.82	0.99	aquele
1062.82	1063.56	0.96	comprimido
1063.56	1064.06	0.96	de
1064.06	1064.52	0.84	remédio
1064.52	1064.66	0.88	que
1064.66	1064.88	0.98	você
1064.88	1065.28	0.95	borde
1065.28	1065.48	0.94	sem
1065.48	1065.70	0.99	querer
1065.70	1065.90	0.89	ver
1065.90	1066.00	0.99	o
1066.00	1066.34	1.00	gosto?
1085.22	1085.96	0.30	Nós
1085.96	1086.70	0.94	compramos
1086.70	1086.92	0.88	essa
1086.92	1087.40	1.00	garrafa
1087.40	1087.56	0.69	aqui
1087.56	1087.98	0.98	ontem
1087.98	1088.82	0.39	e
1088.82	1090.52	0.90	aqui
1090.52	1090.64	0.96	em
1090.64	1091.00	0.85	Barcelona
1091.00	1091.24	0.92	tem
1091.24	1091.50	0.95	várias
1091.50	1091.86	0.67	fontes
1091.86	1092.24	0.89	espalhadas
1092.24	1092.46	0.10	pela
1092.46	1092.78	0.99	cidade
1092.78	1093.10	0.66	que
1093.10	1093.30	1.00	você
1093.30	1093.64	1.00	pode
1093.64	1094.78	0.99	encher,
1095.02	1095.18	0.99	porque
1095.18	1096.24	0.98	tem
1096.24	1096.52	1.00	várias
1096.52	1096.84	1.00	fontes
1096.84	1096.98	0.40	para
1096.98	1097.10	0.89	a
1097.10	1097.20	1.00	galera
1097.20	1097.46	1.00	beber
1097.46	1097.78	0.99	água
1097.78	1098.04	0.98	mesmo.
1098.76	1099.26	0.97	E
1099.26	1099.42	0.94	aí
1099.42	1099.66	0.93	a
1099.66	1099.68	1.00	gente
1099.68	1100.10	1.00	comprou
1100.10	1100.36	0.99	essa
1100.36	1100.68	1.00	daqui
1100.68	1101.32	0.91	e
1101.32	1101.56	0.99	fica
1101.56	1102.08	1.00	repondo.
1102.34	1102.80	0.99	Tem
1102.80	1102.90	1.00	um
1102.90	1103.50	1.00	aplicativo
1103.50	1103.64	1.00	que
1103.64	1103.72	1.00	a
1103.72	1103.80	1.00	gente
1103.80	1104.18	1.00	baixou
1104.18	1104.52	0.83	chamado
1104.52	1105.28	0.66	Fontsep.
1105.88	1106.44	0.99	E
1106.44	1106.92	0.99	nesse
1106.92	1107.50	1.00	aplicativo
1107.50	1107.68	0.99	tem
1107.68	1107.76	0.98	a
1107.76	1108.22	1.00	localização
1108.22	1108.46	1.00	das
1108.46	1108.80	1.00	fontes
1108.80	1109.24	0.79	espalhadas
1109.24	1109.44	0.99	pela
1109.44	1109.88	1.00	cidade.
1110.00	1110.28	0.99	Você
1110.28	1110.54	1.00	vai
1110.54	1110.70	0.90	para
1110.70	1110.74	0.90	o
1110.74	1111.04	1.00	lugar,
1111.58	1111.66	0.98	enche
1111.66	1111.82	0.81	sua
1111.82	1112.28	1.00	garrafa,
1112.34	1112.78	1.00	guarda,
1112.88	1113.24	0.99	e
1113.24	1113.34	0.75	aí
1113.34	1113.44	0.99	quando
1113.44	1113.84	1.00	esvaziar
1113.84	1114.04	0.78	você
1114.04	1114.42	1.00	procura
1114.42	1114.62	1.00	outra
1114.62	1114.90	1.00	fonte
1114.90	1115.06	0.98	para
1115.06	1115.28	1.00	encher
1115.28	1115.40	1.00	de
1115.40	1115.58	0.99	novo.
1116.74	1117.30	1.00	Almoçamos
1117.30	1117.86	0.51	e
1117.86	1118.92	1.00	estamos
1118.92	1119.24	0.99	aqui
1119.24	1119.58	1.00	agora
1119.58	1119.86	0.97	na
1119.86	1120.26	0.34	La
1120.26	1120.88	0.98	Rambla.
1121.20	1121.62	0.85	Para
1121.62	1122.04	1.00	comprar.
1124.20	1124.76	0.25	Que
1124.76	1124.92	0.97	é
1124.92	1125.02	0.92	a
1125.02	1125.28	0.79	via
1125.28	1125.52	0.98	que
1125.52	1125.92	1.00	liga
1125.92	1126.98	0.90	o
1126.98	1127.34	0.86	Monumento
1127.34	1127.42	0.95	de
1127.42	1127.80	0.98	Cristóvão
1127.80	1128.36	0.96	Colombo
1128.36	1128.44	0.67	à
1128.44	1128.70	0.92	Praça
1128.70	1128.84	0.99	da
1128.84	1129.52	0.82	Catalunha.
1130.20	1130.62	0.88	E
1130.62	1130.72	0.72	aí
1130.72	1130.84	0.84	é
1130.84	1131.02	1.00	isso,
1131.08	1131.14	0.93	a
1131.14	1131.16	1.00	gente
1131.16	1131.36	1.00	vai
1131.36	1131.58	0.99	andar
1131.58	1131.90	0.99	aqui
1131.90	1132.08	0.55	e
1132.08	1132.46	0.99	apreciar
1132.46	1132.58	0.99	a
1132.58	1133.10	1.00	paisagem
1133.10	1133.36	0.82	que
1133.36	1134.30	0.59	está
1134.30	1134.58	0.87	toda
1134.58	1134.76	0.99	em
1134.76	1135.10	1.00	obra.
1135.90	1136.40	0.15	Tudo
1136.40	1136.92	0.99	em
1136.92	1137.58	1.00	obra.
1137.76	1138.20	0.68	Toda
1138.20	1138.30	1.00	em
1138.30	1138.66	1.00	obra.
1138.92	1139.44	0.82	E
1139.44	1139.54	0.71	em
1139.54	1139.66	1.00	alguns
1139.66	1140.04	1.00	lugares
1140.04	1140.32	0.40	está,
1140.56	1140.80	0.68	para
1140.80	1140.92	1.00	quem
1140.92	1141.06	1.00	se
1141.06	1141.58	1.00	incomoda,
1142.00	1143.10	0.89	está
1143.10	1143.38	0.98	com
1143.38	1144.10	0.91	britadeira,
1144.18	1144.56	0.64	batismo
1144.56	1144.78	0.99	no
1144.78	1145.14	1.00	chão,
1145.70	1146.28	0.99	enfim,
1146.44	1146.66	1.00	quebra
1146.66	1147.06	0.88	-quebra.
1148.46	1149.02	1.00	Mas
1149.02	1149.24	0.99	nós
1149.24	1149.40	1.00	vamos
1149.40	1149.96	1.00	aproveitar
1149.96	1150.18	1.00	aqui.
1167.22	1167.64	0.95	Acabamos
1167.64	1167.84	0.99	de
1167.84	1168.14	0.98	chegar
1168.14	1168.48	0.78	aqui
1168.48	1168.68	0.93	no
1168.68	1169.08	0.87	mercado
1169.08	1169.26	0.95	de
1169.26	1169.46	0.72	La
1169.46	1170.28	0.77	Boqueria,
1170.40	1170.56	0.86	que
1170.56	1170.60	0.98	é
1170.60	1170.74	0.97	no
1170.74	1170.90	0.98	meio
1170.90	1171.06	0.95	da
1171.06	1171.52	0.91	Laramba.
1172.50	1172.92	0.47	A
1172.92	1173.04	0.99	gente
1173.04	1173.24	0.35	estava
1173.24	1173.86	0.98	passando,
1173.94	1174.14	0.54	já
1174.14	1174.34	0.78	estava
1174.34	1174.44	0.98	no
1174.44	1174.78	1.00	roteiro
1174.78	1174.96	0.57	a
1174.96	1174.96	1.00	gente
1174.96	1175.30	0.63	vindo
1175.30	1175.44	0.94	ao
1175.44	1175.74	0.88	pulo
1175.74	1175.96	0.89	aqui.
1176.76	1177.12	0.89	É
1177.12	1177.20	0.98	um
1177.20	1177.46	0.99	mercado
1177.46	1177.64	0.99	muito
1177.64	1177.96	0.98	famoso
1177.96	1178.34	0.87	conhecido
1178.34	1178.50	0.59	como
1178.50	1178.94	0.77	pega
1178.94	1179.52	0.85	turista.
1180.10	1180.60	0.46	É
1180.60	1180.72	0.75	porque
1180.72	1180.84	0.99	os
1180.84	1181.08	1.00	preços
1181.08	1181.26	0.85	daqui
1181.26	1181.44	0.99	são
1181.44	1181.64	0.98	muito
1181.64	1182.04	1.00	caros
1182.04	1182.18	0.07	Eles
1182.18	1182.42	0.73	dão
1182.42	1182.62	0.68	muito
1182.62	1182.74	0.56	a
1182.74	1182.90	0.20	muito
1182.90	1183.70	0.91	É
1183.70	1184.08	1.00	isso
1185.22	1185.72	0.94	Mas
1185.72	1186.22	0.91	vamos
1186.22	1186.38	1.00	dar
1186.38	1186.48	0.89	um
1186.48	1186.76	0.73	rolé
1186.76	1187.06	0.99	aqui,
1187.10	1187.54	0.99	conhecer
1188.08	1188.58	0.98	Se
1188.58	1188.80	0.98	vocês
1188.80	1188.98	1.00	já
1188.98	1189.20	0.99	foram
1189.20	1189.34	0.94	no
1189.34	1189.84	0.71	Mercadão
1189.84	1190.06	0.81	São
1190.06	1190.44	1.00	Paulo
1190.44	1191.12	0.81	Certamente
1191.12	1191.46	0.91	vocês
1191.46	1191.76	0.91	vão
1191.76	1192.02	0.90	se
1192.02	1192.44	0.99	sentir
1192.44	1193.14	0.81	Em
1193.14	1193.24	1.00	um
1193.24	1193.52	1.00	ambiente
1193.52	1194.34	1.00	familiarizado
1194.34	1194.62	0.12	Porque
1194.62	1195.08	1.00	é
1195.08	1195.22	1.00	a
1195.22	1195.48	1.00	mesma
1195.48	1195.92	1.00	vibe
1195.92	1196.66	1.00	São
1196.66	1197.00	1.00	várias
1197.00	1197.84	0.99	barraquinhas
1197.84	1198.82	0.97	Vendendo
1198.82	1199.04	1.00	várias
1199.04	1199.40	1.00	coisas
1199.40	1200.10	0.75	É
1200.10	1200.24	1.00	bem
1200.24	1200.60	1.00	legal,
1200.82	1201.14	0.93	mas
1201.14	1201.24	1.00	é
1201.24	1201.42	1.00	caro
1201.42	1201.54	0.98	pra
1201.54	1201.88	1.00	caramba
1201.88	1202.24	0.95	Então
1202.24	1202.40	1.00	a
1202.40	1202.52	1.00	gente
1202.52	1202.82	0.50	só
1202.82	1202.94	0.97	vai
1202.94	1203.10	1.00	dar
1203.10	1203.18	1.00	uma
1203.18	1203.46	1.00	olhada
1203.46	1203.58	0.75	E
1203.58	1203.72	1.00	vamos
1203.72	1204.04	0.90	seguir
1204.04	1204.28	0.88	nosso
1204.28	1205.32	0.98	rumo
1205.32	1205.54	0.16	Para
1205.54	1205.72	0.40	as
1205.72	1205.86	0.52	ambas
1212.96	1213.64	0.83	E
1213.64	1214.16	0.95	finalmente
1214.16	1214.80	0.97	chegamos
1214.80	1214.98	0.93	no
1214.98	1215.14	0.96	fim
1215.14	1215.26	0.98	da
1215.26	1215.70	0.71	Laramba,
1215.94	1216.80	0.97	aqui
1216.80	1217.00	1.00	na
1217.00	1217.34	0.87	Praça
1217.34	1217.48	0.98	da
1217.48	1218.16	0.76	Catalunha,
1218.74	1219.34	0.96	depois
1219.34	1219.50	0.99	de
1219.50	1219.62	0.99	uma
1219.62	1220.42	1.00	longa
1220.42	1221.14	0.98	caminhada,
1221.18	1221.30	0.88	uma
1221.30	1221.60	0.99	longa
1221.60	1222.02	1.00	jornada
1222.02	1222.16	0.86	em
1222.16	1222.40	0.99	várias
1222.40	1222.98	1.00	lojas
1222.98	1223.92	0.44	para
1223.92	1224.52	0.95	conhecer,
1224.96	1226.24	0.99	chegamos
1226.24	1226.50	1.00	aqui.
1228.00	1228.68	0.90	Eu
1228.68	1228.78	1.00	acho
1228.78	1228.86	1.00	que
1228.86	1229.04	0.99	pode
1229.04	1229.20	0.99	ser
1229.20	1229.54	0.93	chamada
1229.54	1229.76	0.96	também
1229.76	1229.84	0.06	de
1229.84	1230.22	0.83	praça
1230.22	1230.38	0.93	dos
1230.38	1230.88	0.97	pombos,
1230.96	1230.98	0.91	né?
1232.44	1233.24	0.84	Nunca
1233.24	1233.44	1.00	vi
1233.44	1233.72	0.98	tanto
1233.72	1234.12	0.98	pombo
1234.12	1234.22	0.85	na
1234.22	1234.38	1.00	minha
1234.38	1234.72	1.00	vida.
1251.82	1252.22	0.66	E
1252.22	1253.02	0.98	chegamos
1253.02	1253.20	0.32	no
1253.20	1253.52	0.92	nosso
1253.52	1254.04	0.93	último
1254.04	1254.60	0.98	ponto
1254.60	1255.32	0.98	turístico
1255.32	1255.52	0.99	do
1255.52	1255.92	0.99	dia.
1257.08	1257.60	0.67	Casa
1257.60	1258.24	0.69	Batlou.
1258.68	1259.08	0.14	e
1259.08	1259.22	0.88	um
1259.22	1259.30	0.99	dos
1259.30	1259.56	0.99	mais
1259.56	1260.04	1.00	famosos
1260.04	1260.28	0.88	de
1260.28	1260.64	0.43	Gaudí.
1260.90	1261.24	0.51	Acho
1261.24	1261.48	1.00	que
1261.48	1262.34	0.94	a
1262.34	1262.54	0.41	Casa
1262.54	1262.92	0.59	Bató
1262.92	1263.08	0.97	e
1263.08	1263.18	0.99	o
1263.18	1263.46	0.97	Parque
1263.46	1263.66	0.33	Gual
1263.66	1263.84	0.88	são
1263.84	1264.02	0.95	os
1264.02	1264.16	1.00	mais
1264.16	1264.58	1.00	famosos.
1264.70	1264.88	0.60	E
1264.88	1264.96	0.74	a
1264.96	1265.20	0.99	Sagrada
1265.20	1265.54	0.91	Família,
1265.56	1265.66	0.91	né?
1265.80	1266.02	0.98	É
1266.02	1266.30	0.99	verdade.
1267.02	1267.20	0.52	Eu
1267.20	1267.34	1.00	sou
1267.34	1267.44	0.86	um
1267.44	1267.68	0.91	top
1267.68	1268.00	0.75	trader
1268.00	1268.32	0.59	mais
1268.32	1268.76	0.78	famosa
1268.76	1268.94	0.99	de
1268.94	1269.32	1.00	Gaudí.
1269.66	1270.06	0.96	É
1270.06	1270.20	1.00	uma
1270.20	1270.40	1.00	casa
1270.40	1270.50	0.42	que
1270.50	1270.60	0.88	tem
1270.60	1270.62	0.84	uma
1270.62	1270.96	0.99	arquitetura
1270.96	1271.42	0.97	diferente,
1271.54	1271.64	0.98	né?
1271.80	1272.00	0.86	Ela
1272.00	1272.28	0.99	parece
1272.28	1272.46	0.97	que
1272.46	1272.60	0.99	foi
1272.60	1272.94	0.99	feita
1272.94	1273.16	0.83	assim,
1274.34	1274.74	0.84	estirada
1274.74	1274.88	1.00	no
1274.88	1275.20	1.00	mar,
1275.36	1275.54	0.74	no
1275.54	1276.00	0.97	oceano,
1277.00	1277.40	1.00	e
1277.40	1277.80	0.98	várias
1277.80	1278.10	1.00	pessoas
1278.10	1278.48	1.00	enxergam
1278.48	1278.68	1.00	várias
1278.68	1279.02	1.00	coisas
1279.02	1279.28	0.34	nessa
1279.28	1279.70	1.00	janela
1279.70	1279.94	0.94	dela.
1280.38	1280.78	0.98	Eu
1280.78	1281.08	1.00	enxergo
1281.08	1281.40	0.98	máscara
1281.40	1281.56	0.99	de
1281.56	1281.94	0.95	carnaval.
1282.08	1282.16	0.93	Eu
1282.16	1282.22	0.91	não
1282.22	1282.32	0.99	sei
1282.32	1282.42	0.95	o
1282.42	1282.42	1.00	que
1282.42	1282.58	0.98	você
1282.58	1282.70	0.34	vê.
1282.84	1282.98	0.99	Eu
1282.98	1283.06	1.00	já
1283.06	1283.16	1.00	ouvi
1283.16	1283.34	1.00	falar
1283.34	1283.44	1.00	de
1283.44	1283.90	0.99	tubarão.
1284.08	1284.30	0.99	Caveira.
1284.88	1285.28	1.00	Caveira.
1285.78	1285.94	0.28	Pra
1285.94	1286.02	1.00	mim
1286.02	1286.22	0.95	parece
1286.22	1286.36	0.63	ser
1286.36	1286.42	0.75	uma
1286.42	1286.66	1.00	máscara
1286.66	1286.82	1.00	de
1286.82	1287.28	1.00	carnaval.
1287.28	1288.20	0.33	Mas
1288.20	1288.30	0.95	é
1288.30	1288.46	0.98	isso
1288.46	1288.60	0.85	aí,
1288.66	1288.90	0.86	mais
1288.90	1289.02	0.99	um
1289.02	1289.28	0.97	ponto
1289.28	1289.42	0.86	aí
1289.42	1289.52	0.75	pra
1289.52	1289.78	1.00	gente
1299.66	1300.18	0.17	Estamos
1300.18	1300.70	1.00	saindo
1300.70	1300.86	0.85	aqui
1300.86	1300.96	0.98	da
1300.96	1301.14	0.80	Casa
1301.14	1301.60	0.61	Batua
1301.60	1302.12	0.57	E
1302.12	1302.36	1.00	o
1302.36	1302.86	1.00	legal
1302.86	1303.32	0.91	é
1303.32	1303.66	1.00	que
1303.66	1304.30	0.28	Ela
1304.30	1304.50	1.00	tem
1304.50	1304.64	0.98	um
1304.64	1305.08	1.00	passeio
1305.08	1305.34	0.99	dentro
1305.34	1305.74	1.00	dela
1305.74	1306.44	0.99	Não
1306.44	1306.56	1.00	sei
1306.56	1306.92	1.00	exatamente
1306.92	1307.12	0.99	quanto
1307.12	1307.62	1.00	custa
1307.62	1307.82	0.92	Acho
1307.82	1307.94	1.00	que
1307.94	1308.00	0.98	é
1308.00	1308.12	0.99	em
1308.12	1308.28	1.00	torno
1308.28	1308.38	1.00	de
1308.38	1308.68	0.99	15
1308.68	1308.98	0.85	euros
1308.98	1309.26	0.73	por
1309.26	1309.72	1.00	pessoa
1311.04	1311.56	0.83	Mas
1311.56	1312.36	0.47	Pra
1312.36	1312.54	1.00	quem
1312.54	1312.80	1.00	gosta,
1312.80	1313.14	1.00	vale,
1313.20	1313.28	1.00	né?
1314.30	1314.74	1.00	Mas
1314.74	1314.98	0.99	pra
1314.98	1315.32	1.00	gente
1315.32	1315.88	0.59	que
1315.88	1317.36	0.99	não
1317.36	1317.46	1.00	é
1317.46	1317.62	0.99	muito
1317.62	1317.86	0.95	nossa
1317.86	1318.28	1.00	praia,
1318.46	1319.00	0.99	acaba
1319.00	1319.18	1.00	não
1319.18	1319.44	1.00	valendo
1319.44	1319.58	1.00	a
1319.58	1319.84	1.00	pena
1319.84	1320.32	0.59	e
1320.32	1320.58	0.98	entra
1320.58	1320.96	1.00	naqueles
1320.96	1321.22	1.00	pontos
1321.22	1321.68	1.00	turísticos
1321.68	1321.86	0.98	que
1321.86	1322.02	0.97	é
1322.02	1322.80	1.00	legal,
1323.00	1323.30	1.00	lindo,
1323.54	1323.64	1.00	a
1323.64	1323.76	1.00	gente
1323.76	1323.92	0.98	vê
1323.92	1324.06	1.00	de
1324.06	1324.36	1.00	fora
1325.42	1325.82	0.03	mas
1325.82	1326.02	0.92	pra
1326.02	1326.28	1.00	gente
1326.28	1326.48	0.99	não
1326.48	1326.64	1.00	vale
1326.64	1326.72	1.00	a
1326.72	1326.86	1.00	pena
1326.86	1327.18	1.00	entrar
1328.44	1328.84	0.15	e
1328.84	1328.98	1.00	na
1328.98	1329.24	1.00	mesma
1329.24	1329.56	1.00	avenida
1329.56	1329.74	1.00	que
1329.74	1329.86	1.00	a
1329.86	1329.96	1.00	gente
1329.96	1330.32	0.87	estava,
1330.68	1330.78	1.00	a
1330.78	1330.86	1.00	gente
1330.86	1331.12	1.00	acabou
1331.12	1331.54	1.00	passando
1331.54	1331.72	1.00	por
1331.72	1331.94	1.00	mais
1331.94	1332.16	1.00	uma
1332.16	1332.40	1.00	obra
1332.40	1332.52	1.00	de
1332.52	1332.92	0.72	Gaudí
1332.92	1333.62	0.95	e
1333.62	1333.90	1.00	dessa
1333.90	1334.06	1.00	vez
1334.06	1334.22	0.98	foi
1334.22	1334.32	1.00	a
1334.32	1334.50	0.75	Casa
1334.50	1334.88	0.81	Milá,
1334.98	1335.12	1.00	ela
1335.12	1335.24	0.39	está
1335.24	1335.40	1.00	bem
1335.40	1335.58	1.00	aqui
1335.58	1335.98	1.00	atrás
1336.42	1336.82	0.77	a
1336.82	1336.90	1.00	gente
1336.90	1337.10	1.00	achou
1337.10	1337.22	1.00	que
1337.22	1337.32	1.00	não
1337.32	1337.40	1.00	ia
1337.40	1337.72	1.00	passar,
1337.84	1337.90	1.00	mas
1337.90	1337.96	0.99	a
1337.96	1338.06	1.00	gente
1338.06	1338.22	1.00	estava
1338.22	1338.68	1.00	caminhando
1338.68	1338.82	1.00	na
1338.82	1339.18	0.88	avenida
1339.18	1339.68	0.96	Passeio
1339.68	1339.78	0.66	de
1339.78	1340.20	0.92	Grácia
1340.66	1341.06	0.91	que
1341.06	1341.46	0.98	inclusive
1341.46	1341.64	1.00	é
1341.64	1341.72	1.00	uma
1341.72	1342.04	1.00	avenida
1342.04	1342.14	1.00	que
1342.14	1342.28	1.00	tem
1342.28	1342.52	1.00	várias
1342.52	1342.78	1.00	lojas
1342.78	1342.92	1.00	de
1342.92	1343.26	0.93	grife,
1343.42	1343.56	1.00	tem
1343.56	1343.86	0.99	Hugo
1343.86	1344.14	0.33	Boys,
1344.30	1344.68	1.00	Cartier
1345.28	1345.80	0.92	Versace,
1346.02	1346.34	0.89	Fendi,
1346.64	1347.32	0.90	Longchamp,
1347.46	1347.88	1.00	Prada
1348.50	1349.02	0.28	Tem
1349.02	1349.32	1.00	várias
1349.32	1349.62	1.00	lojas
1349.62	1349.92	0.99	aqui
1349.92	1350.96	0.97	Então
1350.96	1351.58	0.68	você
1351.58	1351.78	0.97	que
1351.78	1351.92	1.00	tem
1351.92	1352.24	0.99	dinheiro
1352.24	1352.52	0.63	Você
1352.52	1352.72	1.00	que
1352.72	1352.86	1.00	tem
1352.86	1353.08	0.99	bala
1353.08	1353.18	1.00	na
1353.18	1353.58	1.00	agulha
1353.58	1354.40	0.99	Pode
1354.40	1354.52	0.99	vir
1354.52	1354.68	0.77	pra
1354.68	1354.90	1.00	cá
1354.90	1355.14	0.89	que
1355.14	1355.66	0.96	você
1355.66	1355.76	1.00	vai
1355.76	1356.20	1.00	aproveitar
1356.20	1356.92	1.00	A
1356.92	1356.98	1.00	gente
1356.98	1357.14	1.00	vai
1357.14	1357.24	1.00	dar
1357.24	1357.40	1.00	mais
1357.40	1357.50	1.00	um
1357.50	1357.76	0.83	rolé
1357.76	1358.02	0.99	aqui
1358.02	1358.38	0.95	Esperar
1358.38	1358.90	0.92	anoitecer
1358.90	1359.02	0.87	que
1359.02	1359.12	0.52	tá
1359.12	1359.26	1.00	bem
1359.26	1359.36	1.00	no
1359.36	1359.58	1.00	final
1359.58	1359.74	1.00	de
1359.74	1360.08	1.00	tarde
1360.08	1360.76	1.00	Vai
1360.76	1361.12	1.00	procurar
1361.12	1361.30	1.00	alguma
1361.30	1361.54	1.00	coisa
1361.54	1361.70	1.00	pra
1361.70	1362.06	1.00	comer
1362.06	1362.40	0.96	E
1362.40	1362.60	1.00	vamos
1362.60	1363.26	1.00	descansar
1363.26	1363.94	0.92	Porque
1363.94	1364.50	1.00	amanhã
1364.50	1365.68	0.78	tem
1365.68	1365.76	1.00	o
1365.76	1365.92	1.00	maior
1365.92	1366.14	1.00	ponto
1366.14	1366.56	1.00	turístico
1366.56	1366.76	0.87	Dessa
1366.76	1367.18	1.00	cidade
1379.60	1379.96	0.34	Vimos
1379.96	1380.14	0.92	ao
1380.14	1380.34	0.97	nosso
1380.34	1381.00	0.98	restaurante
1381.00	1381.32	0.76	da
1381.32	1381.86	0.87	Jota,
1381.96	1382.22	0.82	não
1382.22	1382.36	0.92	deu
1382.36	1382.50	0.88	nem
1382.50	1382.74	1.00	tempo
1382.74	1382.86	0.40	de
1382.86	1382.92	0.54	a
1382.92	1383.08	1.00	gente
1383.08	1383.64	1.00	gravar
1383.64	1384.00	0.90	antes,
1384.76	1384.80	0.60	e
1384.80	1384.90	0.98	a
1384.90	1385.16	1.00	comida
1385.16	1385.40	0.92	já
1385.40	1385.78	1.00	chegou,
1385.90	1386.00	0.95	foi
1386.00	1386.28	1.00	muito
1386.28	1386.62	0.88	rápido,
1386.84	1387.00	0.85	o
1387.00	1387.10	0.98	nome
1387.10	1387.22	0.97	do
1387.22	1387.58	1.00	restaurante
1387.58	1387.76	0.98	é
1387.76	1388.24	0.87	Pizzaria
1388.24	1388.46	0.98	do
1388.46	1388.74	0.84	Éden,
1389.04	1389.28	0.75	e
1389.28	1389.38	0.84	a
1389.38	1389.42	1.00	gente
1389.42	1389.56	1.00	vai
1389.56	1389.92	1.00	provar
1389.92	1390.06	0.92	a
1390.06	1390.26	0.98	pizza
1390.26	1390.50	0.74	agora
1390.50	1390.72	0.93	desse
1390.72	1390.84	0.94	tal
1390.84	1391.18	0.95	Éden
1391.18	1391.26	0.68	aí,
1391.32	1391.44	0.37	para
1391.44	1391.52	0.99	ver
1391.52	1391.62	1.00	se
1391.62	1391.70	0.99	é
1391.70	1391.88	0.97	bom
1391.88	1392.14	1.00	mesmo.
1392.30	1392.44	0.89	Vou
1392.44	1392.78	1.00	provar
1392.78	1392.96	0.97	agora,
1393.14	1393.18	0.71	eu
1393.18	1393.26	0.98	pedi
1393.26	1393.40	0.97	a
1393.40	1393.88	0.76	Diabola,
1394.00	1394.16	0.36	mas
1394.16	1394.46	0.79	pediu
1394.46	1394.54	0.97	a
1394.54	1395.16	0.83	Marguerita,
1395.34	1395.62	0.92	vamos
1395.62	1395.74	1.00	ver
1395.74	1395.88	1.00	se
1395.88	1395.90	0.98	é
1395.90	1396.06	0.63	bom.
1408.54	1408.90	0.65	Seria
1408.90	1409.20	1.00	muito
1409.20	1409.44	0.73	boa,
1409.60	1409.62	0.94	a
1409.62	1409.68	1.00	gente
1409.68	1409.84	0.97	não
1409.84	1410.08	0.52	aumentou
1410.08	1410.34	0.41	comer
1410.34	1410.56	1.00	tudo
1410.56	1410.70	0.26	A
1410.70	1410.82	1.00	gente
1410.82	1411.12	1.00	trouxe
1411.12	1411.24	0.99	a
1411.24	1411.50	0.99	caixa
1411.50	1411.68	0.99	aqui
1411.68	1411.84	0.79	pra
1411.84	1412.32	1.00	viagem
1413.50	1413.86	0.95	E
1413.86	1414.22	0.83	é
1414.22	1414.46	1.00	isso
1414.46	1414.88	0.84	Viemos
1414.88	1415.08	0.63	mais
1415.08	1415.36	1.00	cedo
1415.36	1415.70	1.00	hoje,
1415.70	1415.90	0.99	deve
1415.90	1416.06	0.95	ser
1416.06	1416.22	0.96	umas
1416.22	1416.40	0.68	oito
1416.40	1416.54	1.00	e
1416.54	1416.70	0.98	meia
1416.70	1416.94	0.05	Aqui
1416.94	1417.38	1.00	ainda,
1418.06	1418.26	0.99	mas
1418.26	1418.34	1.00	a
1418.34	1418.40	1.00	gente
1418.40	1418.58	0.99	vai
1418.58	1419.26	0.79	Descansar,
1419.42	1419.90	1.00	porque
1419.90	1420.12	1.00	amanhã
1420.12	1420.24	0.80	um
1420.24	1420.30	1.00	dia
1420.30	1420.46	0.88	vai
1420.46	1420.62	0.91	ser
1420.62	1420.98	0.53	Longo
1420.98	1421.20	0.99	também,
1421.30	1421.40	1.00	a
1421.40	1421.50	1.00	gente
1421.50	1421.62	0.80	tá
1421.62	1421.78	1.00	bem
1421.78	1422.20	0.99	cansado
1422.20	1422.32	0.84	de
1422.32	1422.64	0.99	ontem
1422.64	1422.78	0.08	De
1422.78	1423.00	1.00	hoje,
1423.74	1423.94	1.00	então
1423.94	1424.06	1.00	é
1424.06	1424.20	1.00	isso,
1424.28	1424.42	1.00	até
1424.42	1424.68	1.00	amanhã
1435.88	1436.32	0.84	Acabamos
1436.32	1436.48	0.99	de
1436.48	1436.72	0.99	entrar
1436.72	1436.86	0.92	aqui
1436.86	1436.96	0.98	na
1436.96	1437.32	0.98	Sagrada
1437.32	1437.80	1.00	Família
1437.80	1438.58	0.64	e
1438.58	1438.80	0.94	logo
1438.80	1438.96	1.00	de
1438.96	1439.16	0.97	cara
1439.16	1439.30	0.95	já
1439.30	1439.48	0.90	demos
1439.48	1439.66	0.65	com
1439.66	1439.72	0.99	a
1439.72	1439.98	0.97	primeira
1439.98	1440.76	1.00	curiosidade
1440.76	1441.18	0.34	e
1441.18	1441.48	0.94	cada
1441.48	1441.84	0.98	torre
1441.84	1442.08	0.86	dela
1442.08	1442.20	0.87	é
1442.20	1442.62	0.98	dedicada
1442.62	1442.66	0.99	a
1442.66	1442.96	0.98	alguém.
1443.58	1444.02	0.75	A
1444.02	1444.26	1.00	maior
1444.26	1444.60	0.98	delas
1444.60	1444.72	0.94	é
1444.72	1445.04	0.99	dedicada
1445.04	1445.16	0.98	a
1445.16	1445.32	0.99	Jesus
1445.32	1445.80	0.90	Cristo,
1446.00	1446.24	0.80	porque
1446.24	1446.32	0.98	é
1446.32	1446.52	0.97	mais
1446.52	1446.88	0.70	próxima
1446.88	1447.14	0.99	ao
1447.14	1447.34	0.90	céu.
1447.82	1448.00	0.98	A
1448.00	1448.24	0.98	segunda
1448.24	1448.42	0.98	é
1448.42	1448.48	0.97	a
1448.48	1448.68	0.99	Virgem
1448.68	1449.02	1.00	Maria.
1449.76	1450.04	0.86	É
1450.04	1450.28	0.99	muito
1450.28	1450.52	1.00	grande,
1450.74	1450.74	0.52	né?
1450.92	1451.32	0.67	É
1451.32	1451.66	0.61	enorme,
1451.78	1452.24	0.94	enorme,
1452.26	1452.54	0.99	enorme.
1452.62	1452.74	0.53	É
1452.74	1452.94	0.96	muito
1452.94	1453.10	0.98	grande.
1453.24	1453.42	0.97	E
1453.42	1453.62	0.73	cheio
1453.62	1453.72	1.00	de
1453.72	1454.14	1.00	detalhes.
1454.52	1454.96	0.94	Muito
1454.96	1455.18	1.00	cheio
1455.18	1455.30	1.00	de
1455.30	1455.76	1.00	detalhes.
1456.12	1456.26	0.98	E
1456.26	1456.46	0.89	muito
1456.46	1456.70	1.00	cheio
1456.70	1457.40	1.00	de
1457.40	1457.78	0.97	gente
1457.78	1458.00	0.79	também.
1458.20	1458.20	0.82	Muito
1458.20	1458.20	1.00	cheio
1458.20	1458.20	1.00	de
1458.20	1458.20	0.99	gente
1458.20	1458.22	0.41	pra
1458.22	1458.32	0.76	quem
1458.32	1458.40	0.99	tem
1458.40	1458.94	0.99	curiosidade.
1459.08	1459.14	0.99	São
1459.14	1459.36	0.56	nove
1459.36	1459.48	0.98	e
1459.48	1459.54	1.00	meia
1459.54	1459.66	1.00	da
1459.66	1459.98	1.00	manhã.
1460.30	1460.46	0.83	Tá
1460.46	1461.36	1.00	muito
1461.36	1461.70	1.00	cheio.
1475.72	1476.32	0.78	Estamos
1476.32	1476.66	0.97	aqui
1476.66	1476.94	0.97	dentro
1476.94	1477.12	0.98	da
1477.12	1477.52	0.99	Sagrada
1477.52	1478.08	0.99	Família,
1478.32	1478.68	0.09	estou
1478.68	1478.86	0.95	falando
1478.86	1479.02	0.91	bem
1479.02	1479.46	0.94	baixinho
1479.46	1479.62	0.60	porque
1479.62	1479.76	0.95	aqui
1479.76	1479.80	0.99	é
1479.80	1479.86	0.97	um
1479.86	1480.04	0.98	lugar
1480.04	1480.62	0.99	espiritual,
1480.74	1482.18	0.96	mas
1482.18	1483.24	0.80	essa
1483.24	1483.66	0.98	música
1483.66	1483.82	0.69	que
1483.82	1483.94	0.70	está
1483.94	1484.28	0.77	tocando
1484.28	1484.58	0.88	no
1484.58	1484.86	0.96	fundo,
1485.36	1485.70	0.92	ela
1485.70	1486.02	0.98	toca
1486.02	1486.20	0.95	de
1486.20	1486.56	0.98	tempos
1486.56	1486.68	0.64	em
1486.68	1487.06	1.00	tempos
1487.06	1487.28	0.75	aqui,
1487.40	1487.46	0.82	isso
1487.46	1487.64	0.71	foi
1487.64	1488.08	0.99	projetado
1488.08	1488.28	0.95	por
1488.28	1488.68	0.72	Valdir
1488.68	1488.94	0.85	também,
1489.32	1489.74	0.84	faz
1489.74	1490.14	1.00	parte
1490.14	1490.42	0.99	da
1490.42	1491.92	0.96	experiência
1491.92	1492.18	0.75	do
1492.18	1492.64	0.97	local.
1493.44	1494.08	0.77	Inclusive
1494.08	1494.32	0.60	a
1494.32	1494.64	0.66	arte
1494.64	1494.88	0.45	da
1494.88	1495.14	0.91	própria
1495.14	1495.84	0.97	arquitetura
1495.84	1496.90	0.39	foi
1496.90	1497.32	0.99	feita
1497.32	1497.60	0.71	para
1497.60	1497.78	0.97	que
1497.78	1497.92	0.94	os
1497.92	1498.10	0.62	sons
1498.10	1498.74	0.92	ecoem
1498.74	1499.52	0.98	pelas
1499.52	1500.20	0.98	colunas
1500.20	1500.34	0.79	e
1500.34	1500.50	0.30	aí
1500.50	1500.78	0.98	se
1500.78	1501.20	0.96	espalhem
1501.20	1501.40	0.94	por
1501.40	1501.64	0.99	toda
1501.64	1501.74	0.97	a
1501.74	1502.12	0.95	igreja.
1502.42	1502.84	0.88	A
1502.84	1503.20	1.00	igreja
1503.20	1503.46	0.92	foi
1503.46	1504.06	0.91	projetada
1504.06	1504.28	0.92	como
1504.28	1504.48	0.52	uma
1504.48	1505.00	0.99	floresta,
1505.04	1506.18	0.88	então
1506.18	1506.38	0.75	as
1506.38	1507.18	0.99	pilastras
1507.18	1507.50	0.29	dela,
1507.88	1509.18	0.91	elas
1509.18	1509.40	0.63	tem
1509.40	1509.54	0.76	uma
1509.54	1510.04	1.00	pilastra
1510.04	1510.66	0.97	principal
1510.66	1511.02	0.22	e
1511.02	1511.50	0.56	tem
1511.50	1512.62	0.82	várias
1512.62	1512.86	0.97	que
1512.86	1513.00	0.98	se
1513.00	1513.68	0.73	lubificam
1513.68	1513.90	0.79	como
1513.90	1514.08	0.81	uma
1514.08	1514.48	0.99	árvore
1514.48	1515.24	0.73	e
1515.24	1515.84	0.77	elas
1515.84	1516.04	0.92	se
1516.04	1516.36	0.92	encontram
1516.36	1517.64	0.83	no
1517.64	1517.98	1.00	teto
1517.98	1518.12	1.00	da
1518.12	1518.48	1.00	igreja.
1519.48	1520.06	0.04	A
1520.06	1521.60	0.54	CIDADE
1521.60	1521.62	0.92	NO
1521.62	1521.94	0.86	BRASIL
1551.16	1551.72	0.94	Acabamos
1551.72	1551.86	1.00	de
1551.86	1552.10	0.99	sair
1552.10	1552.40	0.96	daqui
1552.40	1553.34	0.75	da
1553.34	1553.84	0.98	Sagrada
1553.84	1554.32	0.99	Família,
1554.86	1555.34	0.90	surreal
1555.34	1555.60	0.87	o
1555.60	1556.06	1.00	passeio,
1556.18	1556.72	0.99	recomendo
1556.72	1557.12	0.98	demais,
1557.46	1557.58	0.98	se
1557.58	1558.18	0.95	programem,
1558.40	1558.70	0.72	abre
1558.70	1558.92	0.97	as
1558.92	1559.18	0.81	vendas
1559.18	1559.32	0.92	um
1559.32	1559.54	1.00	mês
1559.54	1559.98	0.99	antes,
1560.50	1560.76	0.92	foi
1560.76	1561.24	0.85	25
1561.24	1561.54	0.88	euros
1561.54	1561.78	0.99	por
1561.78	1562.24	1.00	pessoa,
1563.46	1563.72	0.99	mas
1563.72	1564.16	0.99	show
1564.16	1564.30	1.00	de
1564.30	1564.56	1.00	bola,
1564.72	1565.10	0.47	muito,
1565.10	1565.46	1.00	muito,
1565.50	1565.72	1.00	muito
1565.72	1566.06	0.99	bonito,
1566.18	1566.26	1.00	tem
1566.26	1566.38	0.97	um
1566.38	1566.72	1.00	museu
1566.72	1566.80	1.00	lá
1566.80	1567.02	1.00	dentro
1567.02	1567.34	1.00	também,
1567.92	1568.10	1.00	tem
1568.10	1568.38	1.00	muita
1568.38	1568.66	1.00	coisa
1568.66	1568.80	0.57	para
1568.80	1569.10	1.00	fazer,
1569.26	1569.38	1.00	muita
1569.38	1569.60	1.00	coisa
1569.60	1569.90	0.99	mesmo,
1570.20	1570.62	0.99	surreal,
1570.78	1570.98	0.82	velho.
1587.82	1588.36	0.81	Depois
1588.36	1588.50	0.98	da
1588.50	1588.72	0.98	nossa
1588.72	1589.22	0.97	visita
1589.22	1589.32	0.77	à
1589.32	1589.64	0.99	Sagrada
1589.64	1590.18	0.99	Família,
1590.48	1590.80	0.89	que
1590.80	1590.88	0.99	é
1590.88	1591.00	1.00	bem
1591.00	1591.28	0.99	aqui,
1591.46	1591.70	0.72	na
1591.70	1592.16	1.00	frente,
1593.20	1593.90	0.92	eu
1593.90	1594.38	1.00	mostrei
1594.38	1594.52	0.93	a
1594.52	1594.70	0.99	ele
1594.70	1594.86	0.98	que
1594.86	1595.28	0.28	tinha
1595.28	1595.40	0.80	um
1595.40	1595.72	0.94	museu
1595.72	1595.80	0.89	do
1595.80	1596.32	0.97	Barcelona,
1596.70	1597.40	0.95	que
1597.40	1597.50	0.96	eu
1597.50	1597.72	0.96	vim
1597.72	1598.20	0.92	da
1598.20	1598.44	0.97	última
1598.44	1598.82	1.00	vez.
1598.98	1599.10	0.98	É
1599.10	1599.18	1.00	um
1599.18	1599.42	1.00	museu
1599.42	1600.04	1.00	gratuito,
1600.76	1600.88	0.88	aí
1600.88	1601.02	0.91	vocês
1601.02	1601.18	0.99	já
1601.18	1601.50	1.00	sabem,
1601.62	1601.68	0.84	né?
1601.84	1602.12	0.99	Ele
1602.12	1602.38	0.99	ficou
1602.38	1602.78	1.00	louco,
1603.20	1603.86	0.99	quis
1603.86	1604.26	1.00	entrar
1604.26	1604.78	0.86	e
1604.78	1604.86	0.66	tá
1604.86	1605.08	1.00	aqui.
1618.78	1619.18	0.67	Nosso
1619.18	1619.44	0.86	último
1619.44	1619.70	1.00	dia
1619.70	1620.00	0.95	aqui,
1620.28	1620.32	0.89	e
1620.32	1620.36	0.92	eu
1620.36	1620.48	0.98	tenho
1620.48	1620.92	1.00	certeza
1620.92	1621.12	0.87	que
1621.12	1621.18	0.54	eu
1621.18	1621.26	0.98	vou
1621.26	1621.40	0.92	sentir
1621.40	1621.66	0.98	falta
1621.66	1621.78	0.58	de
1621.78	1621.98	0.85	ficar
1621.98	1622.30	1.00	andando
1622.30	1622.48	0.66	aqui
1622.48	1622.66	0.59	por
1622.66	1622.88	0.87	essas
1622.88	1624.02	0.98	ruas,
1624.02	1625.42	0.48	agora
1625.42	1625.72	0.95	a
1625.72	1625.78	1.00	gente
1625.78	1625.94	0.47	tá
1625.94	1626.16	0.98	indo
1626.16	1626.62	0.90	ali
1626.62	1627.00	0.97	comer,
1627.28	1627.98	0.13	a
1627.98	1630.02	0.72	sagradona
1630.02	1630.44	0.94	família,
1631.56	1631.76	0.93	e
1631.76	1631.86	0.86	aí
1631.86	1631.96	0.98	eu
1631.96	1632.16	1.00	falei
1632.16	1632.32	0.96	com
1632.32	1632.54	0.98	ela,
1632.62	1632.84	0.45	tem
1632.84	1633.04	0.67	como
1633.04	1633.18	0.74	ir
1633.18	1633.26	0.97	de
1633.26	1633.44	0.99	ônibus
1633.44	1633.56	0.79	e
1633.56	1633.74	0.94	tem
1633.74	1633.92	0.99	como
1633.92	1634.06	1.00	ir
1634.06	1634.42	1.00	andando,
1635.12	1635.34	0.61	mas
1635.34	1635.60	0.94	a
1635.60	1635.64	1.00	gente
1635.64	1635.80	1.00	vai
1635.80	1636.24	1.00	andando
1636.24	1636.62	0.89	porque
1636.62	1636.68	0.11	Porque
1636.68	1636.94	0.97	eu
1636.94	1637.14	0.99	quero
1637.14	1637.36	0.99	andar.
1638.18	1638.62	0.95	Quero
1638.62	1639.02	0.99	gastar
1639.02	1639.34	0.65	minha
1639.34	1639.86	0.89	perna
1639.86	1640.12	0.73	aqui,
1640.20	1640.46	0.77	que
1640.46	1640.68	0.99	vale
1640.68	1640.92	0.78	muito
1640.92	1641.02	0.99	a
1641.02	1641.24	0.99	pena.
1650.34	1650.78	0.70	E
1650.78	1650.94	0.94	aí,
1651.04	1651.36	0.99	chegamos
1651.36	1651.58	0.95	aqui
1651.58	1651.80	0.98	na
1651.80	1652.44	0.91	churreria
1652.44	1652.90	0.55	Trebol,
1653.14	1654.16	0.79	que
1654.16	1654.24	0.97	a
1654.24	1654.28	1.00	gente
1654.28	1654.42	0.82	já
1654.42	1654.56	0.87	queria
1654.56	1654.78	0.52	comer
1654.78	1655.00	0.32	uns
1655.00	1655.40	0.98	churros.
1655.74	1655.78	0.85	E
1655.78	1655.98	0.86	aí,
1656.02	1656.16	0.96	a
1656.16	1656.20	1.00	gente
1656.20	1656.68	1.00	pediu
1656.68	1657.14	0.52	esses
1657.14	1657.68	0.51	banais
1657.68	1657.84	0.72	que
1657.84	1658.00	0.68	vêm
1658.00	1658.20	0.99	com
1658.20	1658.64	0.92	chocolate
1658.64	1659.02	1.00	quente,
1659.14	1659.18	0.98	que
1659.18	1659.26	0.98	é
1659.26	1659.30	0.82	o
1659.30	1659.66	1.00	tradicional
1659.66	1660.02	0.98	daqui.
1661.08	1661.26	0.46	E
1661.26	1661.38	0.95	esse
1661.38	1661.58	0.95	daqui
1661.58	1661.70	0.98	é
1661.70	1661.76	0.99	de
1661.76	1662.08	0.80	Kinder
1662.08	1662.92	0.93	Bueno.
1662.92	1663.40	0.05	E
1663.40	1664.54	0.60	hoje
1664.54	1664.88	0.74	pedi
1664.88	1665.06	0.99	uns
1665.06	1665.74	0.99	salgadinhos
1665.74	1666.00	0.95	aqui
1666.00	1666.14	0.09	Porque
1666.14	1666.20	0.93	a
1666.20	1666.34	1.00	gente
1666.34	1666.40	0.86	tava
1666.40	1666.56	1.00	com
1666.56	1666.82	1.00	fome
1666.82	1667.08	0.96	também
1667.08	1667.28	0.94	São
1667.28	1667.52	0.97	dois
1667.52	1667.68	0.99	de
1667.68	1667.94	1.00	peixe
1667.94	1668.06	0.96	e
1668.06	1668.16	0.95	tem
1668.16	1668.32	0.98	dois
1668.32	1668.74	0.95	croquetes
1668.74	1668.84	0.98	de
1668.84	1669.06	0.99	carne
1669.78	1670.14	0.94	Dois
1670.14	1670.24	0.98	de
1670.24	1670.64	0.98	bacalhau,
1670.68	1670.80	0.54	não
1670.80	1670.88	0.34	quero
1670.88	1671.02	0.59	dizer
1671.02	1671.36	0.53	É,
1671.42	1671.60	0.99	dois
1671.60	1671.74	1.00	de
1671.74	1672.20	0.98	bacalhau
1672.20	1672.46	0.43	E
1672.46	1672.74	1.00	dois
1672.74	1672.90	1.00	de
1672.90	1673.10	0.99	carne
1698.00	1698.44	0.95	Comemos
1698.44	1698.62	0.77	os
1698.62	1699.04	0.98	churros
1699.04	1699.40	0.78	e
1699.40	1699.56	0.96	hoje
1699.56	1699.80	0.97	estamos
1699.80	1700.06	0.98	mais
1700.06	1700.40	0.49	surto,
1700.50	1700.62	0.65	porque
1700.62	1700.66	0.84	a
1700.66	1700.72	1.00	gente
1700.72	1700.86	0.95	já
1700.86	1701.28	0.99	matou
1701.28	1702.04	0.99	quase
1702.04	1702.24	0.99	tudo
1702.24	1702.38	0.80	que
1702.38	1702.44	0.94	a
1702.44	1702.52	1.00	gente
1702.52	1702.72	0.99	queria
1702.72	1702.96	0.99	ver.
1704.18	1704.62	0.98	Só
1704.62	1705.06	0.99	temos
1705.06	1705.50	0.91	planos
1705.50	1705.74	0.98	para
1705.74	1706.04	0.94	mais
1706.04	1706.38	1.00	tarde.
1706.90	1707.02	0.10	A
1707.02	1707.16	0.99	hora
1707.16	1707.64	0.98	marcada,
1707.72	1708.44	0.57	13h30,
1708.60	1708.64	0.49	a
1708.64	1708.90	0.51	tarde
1708.90	1709.10	0.36	do
1709.10	1709.44	0.67	verbo.
1709.70	1709.82	0.62	É,
1710.52	1710.66	0.70	e
1710.66	1711.00	0.98	enquanto
1711.00	1711.18	0.99	a
1711.18	1711.30	1.00	gente
1711.30	1711.50	1.00	não
1711.50	1711.72	0.99	vai
1711.72	1711.90	0.55	pra
1711.90	1712.14	1.00	lá,
1712.42	1712.58	0.99	a
1712.58	1712.70	1.00	gente
1712.70	1712.90	1.00	vai
1712.90	1713.92	1.00	comer.
1714.24	1714.68	0.93	Vamos
1714.68	1714.96	0.94	fazer
1714.96	1715.14	0.87	um
1715.14	1715.50	0.55	turno
1715.50	1716.26	1.00	gastronômico
1716.26	1717.18	0.97	com
1717.18	1717.62	0.99	as
1717.62	1718.26	1.00	comidas
1718.26	1718.78	1.00	típicas
1718.78	1718.96	0.82	aqui
1718.96	1719.10	0.99	de
1719.10	1719.48	1.00	Barcelona.
1719.66	1719.76	0.99	Já
1719.76	1719.92	0.91	foi
1719.92	1720.36	1.00	churros
1720.36	1720.58	0.82	e
1720.58	1720.78	1.00	agora
1720.78	1721.00	1.00	vamos
1721.00	1721.24	0.93	comer
1721.24	1721.42	0.94	uma
1721.42	1721.96	0.76	salteinha.
1721.96	1722.70	0.66	empanada
1723.68	1724.36	0.13	vamos
1724.36	1724.70	0.89	nessa
1734.02	1734.70	0.46	nós
1734.70	1735.38	0.98	pegamos
1735.96	1736.58	0.80	as
1736.58	1736.84	0.97	nossas
1736.84	1737.42	0.98	empanadas
1737.42	1737.90	0.81	voltamos
1737.90	1738.04	0.90	aqui
1738.04	1738.14	0.96	no
1738.14	1738.32	0.96	bairro
1738.32	1738.62	0.27	Gosto
1738.62	1739.56	0.38	essa
1739.56	1739.84	0.58	é
1739.84	1739.84	0.60	a
1739.84	1740.44	0.88	fábrica
1740.44	1741.32	0.62	elas
1741.32	1741.60	0.99	são
1741.60	1741.86	0.96	de
1741.86	1741.98	0.99	uma
1741.98	1742.30	1.00	loja
1742.30	1743.30	0.80	argentina
1743.96	1744.52	0.84	mas
1744.52	1745.28	0.80	são
1745.28	1745.58	0.98	daqui
1746.52	1747.20	0.70	e
1747.20	1747.88	0.93	a
1747.88	1748.04	0.74	nota
1748.04	1748.24	0.68	estava
1748.24	1748.48	0.99	muito
1748.48	1748.78	0.99	boa
1748.78	1749.22	0.03	então
1749.22	1750.50	0.69	a
1750.50	1750.54	1.00	gente
1750.54	1750.70	0.95	foi
1750.70	1750.80	0.98	lá
1750.80	1751.22	0.81	provar
1751.96	1752.04	0.21	Eu
1752.04	1752.12	0.88	pedi
1752.12	1752.14	0.20	o
1752.14	1752.40	0.81	de
1752.40	1754.66	0.58	frango,
1755.06	1756.10	0.98	limão,
1756.44	1756.78	0.95	leite
1756.78	1756.94	0.98	de
1756.94	1757.34	0.99	coco
1757.34	1758.08	0.39	e...
1758.08	1759.04	0.42	não
1759.04	1759.34	0.98	lembro
1759.34	1760.32	0.54	o
1760.32	1760.64	0.98	resto.
1761.24	1761.60	0.93	E
1761.60	1761.74	0.97	eu
1761.74	1762.08	1.00	pedi
1762.08	1762.34	0.74	de
1762.34	1763.52	0.72	camarão.
1768.40	1769.20	0.56	Boa?
1771.04	1771.84	0.79	Muito
1771.84	1772.24	0.82	boa.
1774.72	1775.52	0.57	Boa
1775.52	1775.64	0.95	mesmo.
1779.76	1780.28	0.19	É
1780.28	1780.76	0.88	trocante,
1780.76	1780.96	0.97	hein?
1782.26	1782.46	0.56	É
1782.46	1782.74	0.73	boa.
1784.12	1784.64	0.96	Nós
1784.64	1785.16	0.98	estamos
1785.16	1785.42	0.98	aqui
1785.42	1785.56	0.99	no
1785.56	1785.82	0.95	Parque
1785.82	1786.14	0.56	Igual,
1786.38	1786.60	0.73	mais
1786.60	1786.92	1.00	um
1786.92	1787.54	0.99	daqueles
1787.54	1788.02	1.00	lugares
1788.02	1788.40	0.91	que
1788.40	1788.62	0.99	a
1788.62	1788.68	1.00	gente
1788.68	1788.82	1.00	vai
1788.82	1789.04	1.00	falar
1789.04	1789.16	0.99	de
1789.16	1789.46	0.93	Gaudí
1789.46	1789.60	0.99	de
1789.60	1789.80	1.00	novo,
1789.98	1790.18	0.98	porque
1790.18	1790.36	0.99	foi
1790.36	1790.48	1.00	ele
1790.48	1790.58	0.99	que
1790.58	1791.00	1.00	projetou
1791.00	1791.12	1.00	isso
1791.12	1791.38	1.00	aqui.
1792.42	1792.94	0.49	Barcelona
1792.94	1793.46	0.96	é
1793.46	1794.42	0.93	praticamente
1794.42	1794.90	0.97	de
1794.90	1795.32	1.00	Gaudí.
1795.62	1796.00	0.95	E
1796.00	1796.12	0.97	aí
1796.12	1796.22	0.98	é
1796.22	1796.50	1.00	praticamente
1796.50	1796.82	0.76	nosso
1796.82	1797.14	1.00	último
1797.14	1797.48	1.00	ponto
1797.48	1797.96	1.00	turístico
1797.96	1798.12	1.00	aqui
1798.12	1798.26	0.99	na
1798.26	1798.72	1.00	cidade,
1798.92	1799.22	0.99	e
1799.22	1799.34	1.00	a
1799.34	1799.44	1.00	gente
1799.44	1799.68	1.00	vai
1799.68	1800.08	1.00	fechar
1800.08	1800.22	1.00	da
1800.22	1800.42	1.00	mesma
1800.42	1800.70	0.98	forma
1800.70	1800.84	1.00	que
1800.84	1800.94	0.99	a
1800.94	1801.02	1.00	gente
1801.02	1801.40	1.00	abriu,
1801.54	1801.86	0.71	e
1801.86	1802.02	1.00	foi
1802.02	1802.16	0.94	com
1802.16	1802.26	0.73	o
1802.26	1802.52	1.00	Gaudí.
1803.48	1804.00	1.00	Então,
1804.00	1804.52	0.95	vamos
1804.52	1804.78	1.00	nessa.
1826.64	1827.04	0.79	Aqui
1827.04	1827.14	0.98	é
1827.14	1827.22	0.45	o
1827.22	1827.42	0.99	lugar
1827.42	1827.66	0.99	que
1827.66	1828.34	0.97	eles
1828.34	1828.60	0.93	usavam
1828.60	1828.72	0.59	para
1828.72	1829.32	1.00	descansar,
1829.54	1829.86	0.97	por
1829.86	1829.94	1.00	isso
1829.94	1830.00	0.88	que
1830.00	1830.10	0.98	tem
1830.10	1830.20	0.99	um
1830.20	1830.38	1.00	monte
1830.38	1830.54	1.00	de
1830.54	1830.82	0.80	banquinho
1830.82	1830.96	0.99	de
1830.96	1831.34	0.96	pedra.
1831.34	1832.32	0.63	Lá
1832.32	1832.60	0.80	embaixo
1832.60	1832.86	0.98	também
1832.86	1833.18	0.99	tem
1833.18	1834.54	0.39	uma
1834.54	1834.90	0.99	vista
1834.90	1836.88	0.90	animal
1836.88	1837.84	0.85	de
1837.84	1838.34	0.96	Barcelona.
1873.88	1874.32	0.59	Pegamos
1874.32	1874.58	1.00	agora
1874.58	1874.72	0.90	na
1874.72	1874.94	0.68	sala
1874.94	1875.52	0.69	hipóstola.
1876.08	1876.16	1.00	O
1876.16	1876.56	1.00	interessante
1876.56	1877.02	0.86	dela
1877.02	1877.14	1.00	é
1877.14	1877.22	1.00	que
1877.22	1877.52	0.99	todas
1877.52	1877.80	0.98	essas
1877.80	1878.22	1.00	colunas
1878.22	1878.44	0.99	foram
1878.44	1878.94	1.00	projetadas
1878.94	1879.16	0.77	por
1879.16	1879.58	0.86	Valdir.
1879.78	1880.08	0.99	Isso
1880.08	1880.36	1.00	mostra
1880.36	1880.50	1.00	um
1880.50	1880.68	1.00	pouco
1880.68	1880.82	0.99	do
1880.82	1880.98	0.99	lado
1880.98	1881.48	0.94	engenheiro
1881.48	1881.74	1.00	dele.
1881.96	1882.10	1.00	Ele
1882.10	1882.66	1.00	projetou
1882.66	1882.88	0.80	para
1882.88	1883.12	1.00	que
1883.12	1883.46	1.00	a
1883.46	1883.64	1.00	água
1883.64	1883.78	1.00	da
1883.78	1884.16	1.00	chuva
1884.16	1884.30	0.95	que
1884.30	1884.44	0.97	está
1884.44	1884.60	1.00	em
1884.60	1884.76	1.00	cima
1884.76	1884.92	1.00	da
1884.92	1885.60	1.00	praça
1885.60	1885.74	0.86	que
1885.74	1885.84	0.99	a
1885.84	1885.92	1.00	gente
1885.92	1886.12	0.84	estava
1886.12	1886.36	1.00	agora,
1886.46	1886.56	0.95	a
1886.56	1886.78	0.81	praça
1886.78	1886.92	0.47	de
1886.92	1887.02	0.22	la
1887.02	1887.44	0.78	Natura,
1887.44	1888.26	0.50	ela
1888.26	1888.84	0.88	escorra
1888.84	1889.04	1.00	por
1889.04	1889.32	1.00	dentro
1889.32	1889.48	1.00	de
1889.48	1889.86	1.00	tubos
1889.86	1890.00	0.99	que
1890.00	1890.16	0.99	tem
1890.16	1890.42	1.00	dentro
1890.42	1890.64	1.00	das
1890.64	1891.18	1.00	colunas
1891.18	1891.58	0.95	e
1891.58	1891.70	1.00	vai
1891.70	1891.86	0.92	para
1891.86	1891.88	0.95	o
1891.88	1892.46	1.00	armazenamento
1892.46	1892.62	1.00	de
1892.62	1892.82	1.00	água
1892.82	1892.96	0.99	que
1892.96	1893.06	0.96	está
1893.06	1893.36	1.00	embaixo
1893.36	1893.52	1.00	da
1893.52	1893.76	1.00	gente
1893.76	1894.02	0.90	aqui.
1894.54	1894.58	0.94	E
1894.58	1894.76	1.00	essa
1894.76	1895.00	1.00	água
1895.00	1895.14	0.87	é
1895.14	1895.48	1.00	usada
1895.48	1895.72	0.99	para
1895.72	1896.32	1.00	irrigar
1896.32	1896.56	1.00	todo
1896.56	1896.74	1.00	o
1896.74	1897.06	1.00	parque
1897.06	1897.66	0.95	que
1897.66	1898.36	0.53	foi
1898.36	1898.82	1.00	construído
1898.82	1899.02	0.99	aqui.
1915.92	1916.36	0.94	Acabamos
1916.36	1916.52	1.00	de
1916.52	1916.72	1.00	sair
1916.72	1916.92	0.99	aqui
1916.92	1917.04	1.00	do
1917.04	1917.34	0.98	Parque
1917.34	1917.64	0.54	Igual
1918.92	1919.36	0.06	E
1919.36	1919.80	1.00	fechamos
1919.80	1920.50	0.20	Todos
1920.50	1920.78	1.00	os
1920.78	1921.00	1.00	pontos
1921.00	1921.56	1.00	turísticos
1921.56	1921.74	0.40	Que
1921.74	1921.86	1.00	a
1921.86	1922.02	1.00	gente
1922.02	1922.38	1.00	queria
1922.38	1922.98	1.00	conhecer
1922.98	1923.34	0.89	aqui
1924.38	1924.82	0.97	Em
1924.82	1925.26	1.00	Barcelona
1925.26	1925.72	0.97	Eu
1925.72	1925.90	1.00	nunca
1925.90	1926.08	1.00	tinha
1926.08	1926.26	1.00	vindo
1926.26	1926.48	1.00	aqui,
1926.58	1926.74	1.00	ela
1926.74	1926.90	0.99	já
1926.90	1927.04	1.00	tinha
1927.04	1927.32	1.00	vindo
1927.32	1927.48	0.91	Eu
1927.48	1927.66	1.00	achei
1927.66	1928.08	1.00	surreal
1928.82	1929.22	0.53	Surreal,
1929.28	1929.32	0.89	de
1929.32	1929.64	1.00	verdade
1929.64	1929.86	0.47	é
1929.86	1930.00	0.99	uma
1930.00	1930.36	1.00	cidade,
1930.74	1931.48	0.96	eu
1931.48	1931.62	0.99	não
1931.62	1931.76	1.00	sei
1931.76	1932.06	1.00	ainda,
1933.06	1933.42	0.97	mas
1933.42	1935.12	0.54	surreal,
1935.32	1935.58	0.97	surreal,
1935.72	1935.88	0.97	surreal,
1936.14	1936.20	0.94	é
1936.20	1936.38	0.99	só
1936.38	1936.48	0.99	a
1936.48	1936.74	1.00	primeira
1936.74	1936.98	0.99	das
1936.98	1937.26	1.00	cidades
1937.26	1937.42	1.00	que
1937.42	1937.56	1.00	a
1937.56	1937.60	1.00	gente
1937.60	1937.72	1.00	vai
1937.72	1938.04	1.00	conhecer
1938.04	1938.24	1.00	aqui
1938.24	1938.36	1.00	na
1938.36	1938.70	0.99	Europa
1938.70	1939.40	0.52	Nesse
1939.40	1939.70	1.00	período
1939.70	1939.88	1.00	de
1939.88	1940.04	1.00	tempo
1940.04	1940.22	0.99	que
1940.22	1940.30	1.00	a
1940.30	1940.34	1.00	gente
1940.34	1940.48	1.00	vai
1940.48	1940.76	1.00	passar
1940.76	1941.04	1.00	aqui,
1941.24	1941.64	0.73	estamos
1941.64	1942.04	1.00	voltando
1942.04	1942.20	0.40	para
1942.20	1942.26	1.00	o
1942.26	1942.46	0.99	centro
1942.46	1942.76	0.99	agora,
1942.90	1943.04	0.92	vamos
1943.04	1943.32	1.00	nessa
1944.94	1945.34	0.94	Chegamos
1945.34	1945.42	0.34	a
1945.42	1945.54	0.98	um
1945.54	1945.64	0.81	bar
1945.64	1945.82	0.56	aqui
1945.82	1946.04	0.78	agora
1946.04	1946.44	0.91	chamado
1946.44	1947.22	0.77	Tapatapa,
1947.64	1947.90	0.64	a
1947.90	1947.98	1.00	gente
1947.98	1948.16	0.85	veio
1948.16	1948.32	0.80	para
1948.32	1948.48	0.99	cá
1948.48	1948.62	0.82	para
1948.62	1948.86	0.98	tomar
1948.86	1949.00	0.96	uma
1949.00	1949.56	0.96	cerveja
1949.56	1949.88	0.86	e
1949.88	1950.76	0.59	comeram
1950.76	1950.92	0.81	as
1950.92	1951.30	0.99	tapas
1951.30	1951.72	0.72	Enquanto
1951.72	1951.90	0.65	nós
1951.90	1952.06	0.95	chegamos
1952.06	1952.24	0.14	ao
1952.24	1952.80	0.90	jantar,
1953.14	1953.90	0.99	depois
1953.90	1954.06	0.96	a
1954.06	1954.08	1.00	gente
1954.08	1954.20	0.99	vai
1954.20	1954.28	1.00	dar
1954.28	1954.44	0.97	mais
1954.44	1954.52	0.98	um
1954.52	1954.86	0.93	ralé
1954.86	1955.42	0.85	e
1955.42	1955.84	1.00	provavelmente
1955.84	1956.08	0.92	comer
1956.08	1956.24	0.98	em
1956.24	1956.34	1.00	outro
1956.34	1956.66	1.00	lugar
1978.72	1979.20	0.92	Viemos
1979.20	1979.40	0.66	agora
1979.40	1979.64	0.82	aqui
1979.64	1979.72	0.84	na
1979.72	1980.34	0.98	cervejaria
1980.34	1980.66	0.26	100
1980.66	1981.32	0.90	montaditos
1981.32	1981.80	0.54	e
1981.80	1981.92	0.95	eu
1981.92	1982.16	0.97	pedi
1982.16	1982.28	0.83	uns
1982.28	1982.76	0.99	montaditos
1982.76	1982.92	0.63	pra
1982.92	1983.40	0.97	provar,
1983.58	1983.76	0.88	porque
1983.76	1983.94	0.13	Hoje
1983.94	1984.12	0.92	é
1984.12	1984.40	0.98	quarta
1984.40	1984.68	0.95	-feira
1984.68	1984.76	0.75	e
1984.76	1985.06	0.91	quarta
1985.06	1985.34	0.70	-feira
1985.34	1986.50	0.37	é
1986.50	1986.68	0.57	um
1986.68	1986.94	0.87	euro
1986.94	1987.24	0.91	cada
1987.24	1987.84	0.87	montadinho.
1988.02	1988.36	0.86	Fica
1988.36	1988.46	0.93	a
1988.46	1988.60	0.99	dica
1988.60	1988.70	0.69	aí
1988.70	1988.82	0.57	pra
1988.82	1989.00	0.63	quem
1989.00	1989.10	0.84	vem
1989.10	1989.22	0.93	pra
1989.22	1989.54	0.98	cá.
1989.98	1990.34	0.74	Tenho
1990.34	1990.46	0.40	que
1990.46	1990.56	0.11	comer
1990.56	1990.68	0.71	uma
1990.68	1990.92	0.99	cerveja
1990.92	1991.06	0.92	pra
1991.06	1991.54	1.00	acompanhar,
1991.66	1991.80	0.94	porque
1991.80	1991.92	0.88	eu
1991.92	1992.00	1.00	não
1992.00	1992.22	1.00	posso
1992.22	1992.46	0.99	deixar
1992.46	1992.56	0.87	de
1992.56	1992.72	0.70	tomar
1992.72	1992.86	0.59	a
1992.86	1992.94	0.97	minha
1992.94	1993.46	0.99	cerveja.
2000.70	2001.18	0.57	É,
2001.50	2001.56	0.99	pessoal,
2002.22	2002.44	0.98	já
2002.44	2002.74	1.00	estamos
2002.74	2002.88	1.00	no
2002.88	2003.46	1.00	aeroporto
2003.46	2003.84	0.90	de
2003.84	2004.30	0.99	Barcelona.
2006.02	2006.50	0.93	Infelizmente
2006.50	2006.98	0.35	foi
2006.98	2007.16	0.87	bom
2007.16	2007.44	0.96	enquanto
2007.44	2007.84	0.99	durou.
2008.68	2009.16	0.99	Cidade
2009.16	2009.58	0.98	surreal,
2009.88	2010.34	0.81	energia
2010.34	2010.70	0.96	muito
2010.70	2011.06	1.00	boa.
2011.20	2011.36	0.65	Já
2011.36	2011.58	0.84	virou
2011.58	2011.70	0.88	sua
2011.70	2012.28	1.00	preferida?
2012.42	2012.70	0.99	Ainda
2012.70	2012.92	1.00	não.
2012.92	2013.44	0.12	Eu
2013.44	2013.58	0.96	vou
2013.58	2015.14	0.98	esperar
2015.14	2015.32	0.45	a
2015.32	2015.46	0.99	nossa
2015.46	2015.96	0.86	tripzinha
2015.96	2016.32	0.98	acabar
2016.32	2016.96	0.12	Não
2016.96	2017.02	1.00	é
2017.02	2017.40	1.00	possível
2017.40	2017.90	0.72	E
2017.90	2018.02	1.00	é
2018.02	2018.20	1.00	isso
2018.20	2018.94	0.61	Quem
2018.94	2019.28	0.93	estiver
2019.28	2019.72	1.00	planejando
2019.72	2019.88	0.34	vir
2019.88	2019.98	0.51	para
2019.98	2020.44	0.87	Barcelona
2020.44	2021.42	0.87	Ou
2021.42	2021.54	1.00	já
2021.54	2021.72	0.94	estiver
2021.72	2021.88	1.00	com
2021.88	2022.18	0.95	viagem
2022.18	2022.80	1.00	marcada
2022.80	2023.68	0.99	Vale
2023.68	2023.90	1.00	muito
2023.90	2024.02	1.00	a
2024.02	2024.22	1.00	pena
2024.22	2024.62	0.63	Saiba
2024.62	2024.74	1.00	que
2024.74	2024.84	0.99	você
2024.84	2024.96	1.00	não
2024.96	2025.10	1.00	vai
2025.10	2025.22	1.00	se
2025.22	2025.68	1.00	arrepender
2025.68	2026.38	1.00	A
2026.38	2026.54	1.00	gente
2026.54	2027.12	1.00	conseguiu
2027.12	2027.94	0.71	conhecer
2027.94	2028.58	1.00	várias
2028.58	2028.90	1.00	coisas
2028.90	2029.14	0.60	em
2029.14	2029.32	0.59	3
2029.32	2029.76	1.00	dias
2029.76	2030.74	0.45	E
2030.74	2031.46	0.99	comida
2031.46	2031.78	1.00	boa,
2032.00	2032.16	0.99	cidade
2032.16	2032.52	1.00	boa,
2032.58	2033.02	0.99	energia
2033.02	2033.82	0.97	massa
2033.82	2034.38	0.92	Pessoas,
2034.50	2034.62	0.46	muita
2034.62	2034.84	1.00	gente
2034.84	2035.18	0.98	boa
2035.18	2036.40	0.99	Então
2036.40	2036.52	1.00	é
2036.52	2036.74	1.00	isso
2036.74	2037.24	1.00	E
2037.24	2037.40	0.91	para
2037.40	2037.68	1.00	quem
2037.68	2038.26	1.00	não
2038.26	2038.44	1.00	tem
2038.44	2038.86	0.98	Barcelona
2038.86	2039.18	0.97	nos
2039.18	2039.78	1.00	planos
2039.78	2040.54	0.80	Coloque
2040.54	2041.10	0.97	Adicione
2041.10	2041.92	0.50	Porque
2041.92	2042.54	0.77	realmente
2042.54	2042.98	0.55	não
2042.98	2043.08	1.00	é
2043.08	2043.20	0.93	à
2043.20	2043.36	1.00	toa
2043.36	2043.42	0.96	que
2043.42	2043.48	0.97	é
2043.48	2043.58	0.65	a
2043.58	2043.58	1.00	minha
2043.58	2043.82	1.00	cidade
2043.82	2044.42	1.00	preferida
2044.42	2044.78	0.55	Porque
2044.78	2045.26	1.00	realmente
2045.26	2046.00	0.94	é
2046.00	2046.18	1.00	muito
2046.18	2046.60	1.00	especial
2047.66	2048.38	0.98	Valeu
