canal	pais	inscritos	n_videos_longos	mediana_views	views_sobre_inscritos	mediana_duracao_min	pct_30min_ou_mais	janela_dias	longos_por_mes_aprox	n_shorts	mediana_views_shorts	n_chegada_24h
Diego Berlitz	BR	104 mil	20	42000	0.404	41.6	0.85	150	4.0	30	3650	2
Estevam Pelo Mundo	BR	2,29 mi	19	121000	0.053	38.1	0.79	150	3.8	30	5950	3
Alemanizando	BR	255 mil	18	8500	0.033	19.1	0.33	120	4.5	30	3300	0
Leo e Fabi	BR	279 mil	20	94500	0.339	47.7	1.0	60	10.0	30	3800	1
Marina Guaragna	BR	477 mil	20	122000	0.256	43.4	0.95	120	5.0	30	47500	7
Trip Partiu	BR	657 mil	19	138000	0.21	41.6	0.74	240	2.4	30	56500	0
GetOutside (Ale & Duda)	BR	524 mil	20	108500	0.207	35.1	0.7	90	6.7	30	2450	3
Três Viagens	BR	241 mil	20	16000	0.066	26.1	0.4	180	3.3	30	5500	0
Viagem Pra Dois	BR	1,49 mil	16	1350	0.906	31.2	0.56	730	0.7	0		0
Drew Binsky	INT	7,47 mi	20	3250000	0.435	34.0	0.7	240	2.5	30	207000	1
Kara and Nate	INT	4,54 mi	20	1400000	0.308	43.6	0.8	240	2.5	30	150000	5
Lost LeBlanc	INT	2,29 mi	20	106000	0.046	49.6	0.9	150	4.0	29	18000	0
Fearless & Far	INT	3,11 mi	20	225000	0.072	29.5	0.45	365	1.6	30	16000	2
Sorelle Amore	INT	1,01 mi	20	33500	0.033	16.5	0.05	330	1.8	22	12000	1
