consulta	titulo	canal	views	duracao	publicado	videoId
Barcelona roteiro 3 dias vlog	🇪🇸 BARCELONA: Roteiro perfeito de 3 dias (Vídeo Roteiro)	Na Mala	9.609 visualizações	18:39	há 1 mês	oTH_AIqmj9w
Barcelona roteiro 3 dias vlog	O que Fazer em Barcelona • Roteiro de 3 Dias  | Fer Rebello	Fer Rebello	34.957 visualizações	28:10	há 2 anos	GgmN1WkXFsI
Barcelona roteiro 3 dias vlog	Barcelona: O roteiro que vai salvar sua viagem de 3 dias	Antonio em Barcelona	122.089 visualizações	20:38	há 4 meses	qffEbnArIHI
Barcelona roteiro 3 dias vlog	VLOG BARCELONA: Roteiro 3 dias | preço | restaurantes | dicas	Helo Scoparo	30.163 visualizações	17:45	há 4 anos	FNIky2wANns
Barcelona roteiro 3 dias vlog	O QUE FAZER em BARCELONA? | ROTEIRO COMPLETO de 3 DIAS com TODOS os PREÇOS!	Juntos no rolê	759 visualizações	15:36	há 11 meses	agznjbx9vGY
Barcelona roteiro 3 dias vlog	🇪🇸 BARCELONA EM 3 DIAS | Roteiro Completo + Dicas + Gastos	Canal Go2	4.901 visualizações	50:52	há 9 meses	XkQUsJKepGc
Barcelona roteiro 3 dias vlog	Roteiro de 3 dias com PREÇOS + dicas REAIS de viagem! | Travel Vlog Barcelona	Marisson Mariano	2.672 visualizações	17:44	há 5 meses	tNGw6zSOxso
Barcelona roteiro 3 dias vlog	Barcelona em 3 dias: Roteiro Completo + Preços 2026	Débora Zunarelli	997 visualizações	19:42	há 5 meses	J6gkIuRTGRg
Barcelona roteiro 3 dias vlog	BARCELONA - Roteiro de 3 dias | Valores, hospedagens, restaurantes e as MELHORES DICAS!	Júlia Ramiro	2.621 visualizações	22:12	há 3 meses	S0I_yv15mbw
Barcelona roteiro 3 dias vlog	BARCELONA em 3 DIAS: Roteiro Completo com TODAS as Atrações Imperdíveis!	Ana Luiza | viajalulu	95.801 visualizações	17:40	há 9 meses	f8ZsAp20G-I
Barcelona roteiro 3 dias vlog	O que fazer em BARCELONA em 3 dias | Roteiro, quanto gastamos e dicas	Geovanna Cavadas	1.083 visualizações	26:56	há 2 meses	2FnQZuJ4tNI
Barcelona roteiro 3 dias vlog	BARCELONA em 3 DIAS 🇪🇸| Roteiro, Valores, Passeios e Dicas EUROTRIP 1/7	Laura Let’s Go	583 visualizações	26:39	há 3 anos	OZyzF4_PlPs
Barcelona roteiro 3 dias vlog	EUROTRIP- ROTEIRO DE 3 DIAS EM BARCELONA | Parte 1	Beatriz Temponi	2.190 visualizações	15:04	há 5 anos	kxWpr7Nz4xo
Barcelona roteiro 3 dias vlog	ROTEIRO COMPLETO de 2 ou 3 DIAS em #BARCELONA na ESPANHA	Traços do Mundo	1.969 visualizações	4:08	há 2 anos	_zGS5jBc1qs
primeiro dia em Barcelona	PRIMEIRAS IMPRESSÕES DE BARCELONA: NÃO FAÇA ISSO AQUI	Fe Leal	288.482 visualizações	22:05	há 3 anos	UFtZQZRnS9E
primeiro dia em Barcelona	Cheguei na Espanha 🇪🇸 - Meu Primeiro Dia em Barcelona!	 oEtinho	4.070 visualizações	15:53	há 1 ano	5Rhib7v3028
primeiro dia em Barcelona	Vlog 1# primeiro dia em barcelona🇪🇸	Wendell Luiz	234 visualizações	12:43	há 1 dia	ejeq0sQYvyU
primeiro dia em Barcelona	O que fazer em BARCELONA: guia completo com roteiro e preços	Vamos Fugir Blog	161.819 visualizações	29:18	há 2 anos	1S-H3kul6gg
primeiro dia em Barcelona	BARCELONA- ESPANHA - VLOG PRIMEIRO DIA	Lari squillaro 	84 visualizações	19:31	há 3 anos	jzOS0YtXrr8
primeiro dia em Barcelona	DE PARIS À BARCELONA: aeroporto, nomad e nosso primeiro dia na espanha	Lari Viajante	329 visualizações	29:10	há 9 meses	qw6zsZ5hOuA
primeiro dia em Barcelona	Desaparecimento de empresário gaúcho em Barcelona passa a ser investigado como homicídio.	Record Guaiba	41.400 visualizações	16:26	há 1 dia	lTPSsloYhKU
primeiro dia em Barcelona	Quando RONALDINHO fez o Barcelona jogar de MADRUGADA	Estandarte	1.060.210 visualizações	7:25	há 2 anos	Z2XCGMlQbjI
primeiro dia em Barcelona	DO BRASIL PRA ESPANHA: O CAOS DO PRIMEIRO DIA EM BARCELONA!	Marcelo Bueno	84 visualizações	42:07	há 7 dias	cifOTDW4fTA
primeiro dia em Barcelona	Primeiro dia em Barcelona 	MUNDO PEBA	30 visualizações	9:36	há 8 meses	xeXJlpGgSTk
primeiro dia em Barcelona	Primeiro dia em Barcelona 🇪🇸 | O começo da minha Eurotrip ✈️	Thai Oliveira	297 visualizações	15:55	há 1 ano	1IznMu3_2DE
primeiro dia em Barcelona	🔥 1st ANNIVERSARY of LAMINE YAMAL'S DEBUT | FC Barcelona ✨	FC Barcelona	524.950 visualizações	2:05	há 2 anos	3EPZJti5cBw
primeiro dia em Barcelona	Barcelona - Espanha: primeiro dia de roteiro	Eu Pelo Mundo	614 visualizações	12:44	há 2 anos	SXZnTR_CBq8
primeiro dia em Barcelona	🇪🇸 PRIMEIRO DIA EM BARCELONA! 🏰🌳🦁	Familia Só Vamos	144 visualizações	16:32	há 4 sem.	1Jou1nxUA44
Amsterdam 3 dias quanto custa roteiro	O QUE FAZER EM AMSTERDAM - 3 dias pela Holanda!	Sonhe Alto Viagens	143.417 visualizações	17:52	há 4 anos	uuO3zpK17KM
Amsterdam 3 dias quanto custa roteiro	7 passeios imperdíveis em Amsterdam - roteiro para 3 dias de viagem	Vamos Fugir Blog	11.008 visualizações	10:39	há 1 ano	M4MU4QJY2mE
Amsterdam 3 dias quanto custa roteiro	ROTEIRO DE VIAGEM pela HOLANDA | 3 DIAS em AMSTERDÃ 🇳🇱	Fernanda | Dicas Viajando	22.311 visualizações	15:08	há 1 ano	X4e3hCN2FOw
Amsterdam 3 dias quanto custa roteiro	AMSTERDAM: ROTEIRO DE 3 DIAS, RESTAURANTES E PRINCIPAIS PASSEIOS NA HOLANDA	Dany e Gaby - NerdsFamintos	36.741 visualizações	27:45	há 1 ano	-EDyvfVkMRY
Amsterdam 3 dias quanto custa roteiro	O QUE FAZER em AMSTERDAM 🇳🇱 | MELHOR ROTEIRO com PREÇOS!	Status Viajante	72.794 visualizações	1:10:52	há 4 meses	YJzENcSFxp8
Amsterdam 3 dias quanto custa roteiro	Amsterdam Holanda 2026 | Roteiro 3 dias, 2 dias O que fazer? Fuja do Óbvio | dicas	Leon De Queiróz	544 visualizações	10:05	há 10 meses	k0EjPSx7eC4
Amsterdam 3 dias quanto custa roteiro	AMSTERDAM: Roteiro de viagem completo pela capital da Holanda! | O que fazer, preços e hospedag	Vamos Fugir Blog	229.915 visualizações	37:13	há 2 anos	nX_1OggcAow
Amsterdam 3 dias quanto custa roteiro	AMSTERDAM: Roteiro de viagem completo | O que fazer, preços e hospedagem (atualizado 2026)	Locomotiva Nômade	3.650 visualizações	29:21	há 6 meses	gfXrrfiXz7U
Amsterdam 3 dias quanto custa roteiro	ROTEIRO DE 3 DIAS EM AMSTERDÃ (PARA QUEM ESTÁ VISITANDO PRIMEIRA VEZ) | Como passar 72 horas em	Happy to Wander (Travel Tips & Inspo)	46.700 visualizações	18:29	há 1 ano	U_O9J1oQuhM
Amsterdam 3 dias quanto custa roteiro	Amsterdam: Roteiro, informações e muitas dicas importantes | Bate e volta de Bruxelas para Amst	Vem com a gente viajar 	567 visualizações	14:28	há 2 meses	hSb6YKpXYQg
Amsterdam 3 dias quanto custa roteiro	Bruxelas e Amsterdam, roteiro 3 dias, passeio pelos canais, hospedagem, heineken experience e p	Letícia Andrads	58.225 visualizações	1:14:35	há 11 meses	orz2Jwza2r4
Amsterdam 3 dias quanto custa roteiro	O QUE FAZER EM AMSTERDÃ 🇳🇱 ROTEIRO DE 4 DIAS COM PREÇOS (+ TULIPAS)	Andarilhas	1.040 visualizações	50:57	há 1 mês	EQs67YKaJfc
Amsterdam 3 dias quanto custa roteiro	AMSTERDAM: Roteiro de 3 dias, Preços e O QUE NINGUÉM TE CONTA!	Pede Que Eu Te Levo	820 visualizações	56:36	há 1 mês	mbFA7fszK_I
Amsterdam 3 dias quanto custa roteiro	Amsterdã em 2 dias: roteiro completo com dicas de comida, passeios e muito mais!	Melhores Destinos	63.096 visualizações	13:46	há 1 ano	7moCpn92H7g
Paris 1 dia roteiro quanto gastei	1 dia em Paris | Conhecendo PARIS em uma conexão!	Par de Malas	15.443 visualizações	19:54	há 3 anos	M1QTjViYvjg
Paris 1 dia roteiro quanto gastei	O QUE FAZER EM PARIS? |  Roteiro do 1º dia - Torre Eiffel, Arco do Triunfo, Champs Élysées | Ma	Mateus Reis | Matrips	16.781 visualizações	22:31	há 2 anos	UETUdu5Y-5Y
Paris 1 dia roteiro quanto gastei	O que fazer em PARIS EM 24h ? | ROTEIRO COMPLETO DE 1 DIA EM PARIS COM VALORES	We Aboard - Dicas de Viagem e Gastronomia	2.472 visualizações	19:20	há 10 meses	YK4TMakbTnc
Paris 1 dia roteiro quanto gastei	PARIS na FRANÇA 🇫🇷 (2026): ROTEIRO COM PREÇOS | O QUE FAZER | MELHORES ATRAÇÕES | DICAS E GOLPE	Fabi Cassol | Minha Praia Viajar	158.658 visualizações	37:57	há 4 meses	ta5KyCmzvks
Paris 1 dia roteiro quanto gastei	viagem PARIS: roteiro completo com preços, hospedagem, passeios, como andar de metrô e dicas	Letícia Andrads	104.918 visualizações	56:41	há 11 meses	Mw-M242iGzs
Paris 1 dia roteiro quanto gastei	UM DIA EM PARIS - Roteiro de 1 Dia com Valores - #Vlog	Bon Voyage with Min  |  Viagens 	161 visualizações	6:38	há 11 meses	Qb7_DPma5wA
Paris 1 dia roteiro quanto gastei	Como conhecer PARIS em 1 dia!	the tour guy	233.256 visualizações	7:27	há 7 anos	-bnxeZpIG7A
Paris 1 dia roteiro quanto gastei	QUANTO CUSTA VIAJAR PARA PARIS NA FRANÇA EM 2025 | TODOS OS PREÇOS: COMIDA, PASSEIOS, INGRESSOS	Fabi Cassol | Minha Praia Viajar	143.936 visualizações	15:03	há 1 ano	6wexnjdo5LE
Paris 1 dia roteiro quanto gastei	Paris em 1 Dia 🇫🇷✨ Dá pra ver TUDO?	PassaporteRF	248 visualizações	16:22	há 6 meses	4OtIMLtrKRI
Paris 1 dia roteiro quanto gastei	Paris: Como Conhecer os Principais Pontos de Paris em 1 Dia (e Gastando Pouco!)	Vou Viajar	359 visualizações	31:31	há 2 sem.	kj6FgNc9s5k
Paris 1 dia roteiro quanto gastei	BATE E VOLTA: PARIS ➔ AMSTERDÃ DE TREM! (Roteiro, Custos e Dicas de 1 Dia)	Destiny Travel	3.999 visualizações	7:07	há 6 meses	__VfH-tvMzI
Paris 1 dia roteiro quanto gastei	PARIS COM MENOS DE €15 POR DIA? (RESTAURANTES $ COM VALORES DETALHADOS) DICAS & EXPERIÊNCIAS	4pm margaritas	95.989 visualizações	14:18	há 4 anos	jPLHsF9U0ag
Paris 1 dia roteiro quanto gastei	O Que Fazer em PARIS em 1 DIA - Dá para Conhecer? - Nosso Roteiro Completo!	viagensemfamilia oficial	213 visualizações	17:45	há 4 meses	jgKGC2kcDfg
Paris 1 dia roteiro quanto gastei	O que fazer em 1 DIA em PARIS? 🇫🇷 O que ver em PARIS em 24 HORAS?	Pasaporte Ready	3.500 visualizações	9:35	há 2 anos	zPCiAm_ouyE
primeira vez na Europa chegada emocionante	Viajando pra EUROPA.	Didi Rodrigues	302 visualizações	0:58	há 15 anos	SAZODJhFnjg
primeira vez na Europa chegada emocionante	Minha Primeira Viagem Internacional: Saindo do Brasil para Morar em Portugal 🇵🇹 | Vlog Completo	Amanda França | Creator	15.352 visualizações	48:44	há 6 meses	_ZJ9WDHYO-8
primeira vez na Europa chegada emocionante	DE VOLTA À PARIS 🇫🇷| Quanto gastei na viagem? + Medo de falar Inglês	Thalía na Europa	1.028 visualizações	13:41	há 3 anos	W-bWK2Yx0fM
primeira vez na Europa chegada emocionante	PARIS -  EMOÇÃO AO VER A TORRE EIFFEL-CHEGADA EM VERSAILES -COMIDAS -(EUROPA #5)	Daniela Soares	1.229 visualizações	11:01	há 7 anos	s71NxouoW3U
primeira vez na Europa chegada emocionante	Passei uma semana na Albânia e isso aconteceu.	Dr Hunnay	329 visualizações	15:27	há 8 meses	kxznBRvnR2Y
primeira vez na Europa chegada emocionante	Após nove meses do primeiro encontro, noiva surpreende noivo que a esperava no aeroporto.	Uma Pandinha na Europa	1.257 visualizações	1:11	há 9 anos	zZhzmoookSw
primeira vez na Europa chegada emocionante	Chegando em Paris!! Que emoção!	Boas de papo	2.212 visualizações	5:45	há 10 anos	VKVcnhsoFUI
primeira vez na Europa chegada emocionante	Começando minha jornada para a Europa pelo Aeroporto de Mumbai | Vlog de viagem pela Europa #1	Safar Stories	63 visualizações	1:28	há 3 meses	PJdv07rzYtU
primeira vez na Europa chegada emocionante	Descobrindo Madrid: Uma Viagem Inesquecível por Menos de 650 Euros! @KistnaEuropa	Kist na Europa	2.701 visualizações	10:25	há 3 anos	ivdZ2jjRbmg
primeira vez na Europa chegada emocionante	Istambul vai te impressionar (em todos os sentidos).	Adventures with Pinny	14.259 visualizações	35:33	há 6 meses	JBHRqEqjsg8
primeira vez na Europa chegada emocionante	EMOCIONANTE: Meu ÚLTIMO DIA em PORTUGAL rumo a SANTIAGO DE COMPOSTELA! VEJA AGORA #caminhodesan	Peregrino na Prática	191 visualizações	7:16	há 6 meses	ZyM_MPLr5xE
primeira vez na Europa chegada emocionante	A PRIMEIRA chegada da Disney Fantasy a Lisboa! 🇵🇹 | Explorando o Zoológico de Lisboa, as Ruas d	J&S Adventures	215 visualizações	46:46	há 1 ano	GBYKYQHH45g
primeira vez na Europa chegada emocionante	A melhor maneira de visitar Veneza, Itália 🇮🇹 | Vlog de viagem - Ep. 38	Tousleys En Route	3.925 visualizações	30:52	há 9 meses	kVwLLnT1Dso
primeira vez na Europa chegada emocionante	Minha primeira viagem pra Europa “Paris”	Clarice Santos	147 visualizações	6:05	há 7 anos	g_I2CKXSCIo
cinematic Lisbon travel	LISBON 4K | The City Of Seven Hills | Portugal | Cinematic Travel	VIEWS BEYOND	3.540 visualizações	4:19	há 6 anos	NwZ_Tw1EhWM
cinematic Lisbon travel	Lisbon - Travel Film	Lewis Kennedy	8.759 visualizações	2:29	há 2 anos	2Tz_B5Yw0kI
cinematic Lisbon travel	Rossio, Lisbon 🇵🇹 | Historic City Centre & Authentic Street Sounds	audiocloud	86 visualizações	2:01	há 4 sem.	Gd0VM169Wds
cinematic Lisbon travel	LISBON (Portugal) - Cinematic Travel Video // Travel Edit	Andras Ra	36.258 visualizações	1:04	há 7 anos	_IaegF_ym54
cinematic Lisbon travel	LISBON |  Cinematic Travel Video	HB HB	51 visualizações	1:48	há 6 anos	OqjvXArq384
cinematic Lisbon travel	Lisbon, Portugal 🇵🇹 | A Cinematic Travel Film Through the City of Light	SPISTRAVELLING	73 visualizações	2:14	há 11 meses	d_0snfT-RDc
cinematic Lisbon travel	DJI Osmo Pocket Film - Lisbon Travel Film	Chris Spice	2.396 visualizações	1:11	há 7 anos	883QwfDUcb8
cinematic Lisbon travel	Lisbon (Portugal) Cinematic Travel Video	Peter Kruger	25 visualizações	0:41	há 4 anos	_k9fZ6IRIqk
cinematic Lisbon travel	A Weekend In Lisbon. (a travel film)	Lauren Koster	39 visualizações	1:58	há 2 anos	-55tu4jBCoo
cinematic Lisbon travel	Portugal | Cinematic Travel Video	Califoreigners	3.206 visualizações	3:41	há 7 anos	JEf7kbMf-JA
cinematic Lisbon travel	LISBON || Travel Movie || DJI Mavic Pro || Cinematic || Sony Alpha	Mike & Laura	5.676 visualizações	1:29	há 9 anos	YY5cDTpHSAw
cinematic Lisbon travel	Cinematic Views in Lisbon, Portugal: Travel vlog-castles, sights, food	Travel with us to…	78 visualizações	3:28	há 11 meses	rjkQslgpm30
cinematic Lisbon travel	Lisbon Memories | Portugal Cinematic Travel Film | Sony A7III + Mavic 2 Pro + FilmConvert Nitra	Łukasz Radzikowski	2.291 visualizações	3:17	há 4 anos	OB5vKcb9x38
cinematic Lisbon travel	LISBON - Cinematic Travel Video - 4K	Elias Mustonen	2.183 visualizações	2:31	há 3 anos	Kbq3ESDrVZQ
Paris cinematic travel film	THE CITY OF LIGHTS | PARIS – Cinematic 4K Travel Film	JACOB KIM : CINEMATIC TRAVEL	7.907 visualizações	5:29	há 1 ano	ezfBnhzsoOQ
Paris cinematic travel film	PARIS | Cinematic Travel Film | SONY A7III | 4K	Two Travels Away	16.036 visualizações	4:32	há 6 anos	boVFzrNGGWc
Paris cinematic travel film	PARIS | Cinematic Travel Video 4K	Alessandro Bonfanti	1.851 visualizações	4:22	há 3 anos	2mzZqTV8Hac
Paris cinematic travel film	PARIS - City of Light | Cinematic Travel Video 4K | France	Sergio Mota en Español	190.549 visualizações	3:22	há 6 anos	8Sucd2UZHiM
Paris cinematic travel film	Paris - Cinematic Travel Film | Sony A7Siii	Niels Cinemarq	4.136 visualizações	2:32	há 1 ano	GZmioCEq2Pg
Paris cinematic travel film	Filmado com iPhone 16 Pro | Heartbeat of Paris (Filme de Viagem Cinematográfica)	Wessel Babtist	122.756 visualizações	0:50	há 2 anos	ft3CbU0HsA0
Paris cinematic travel film	Paris | DJI Osmo Pocket 3 | Cinematic Travel Video [4K]	Charith Shay	511 visualizações	3:03	há 7 meses	irTD33esW8M
Paris cinematic travel film	Paris, France - Travel Film - Shot on Sony A7IV - Cinematic scenes from the city	Morten Møllebjerg - Millmountain	622 visualizações	1:56	há 4 anos	f9oQsLbiY8U
Paris cinematic travel film	Paris Cinematic BMPCC6K | 2021 (4K)	Pepe Caspers	15.011 visualizações	0:44	há 5 anos	ZIQ4Qybq5Ho
Paris cinematic travel film	Welcome to Paris ! [CINEMATIC TRAVEL FILM]	Drone Film	2.700 visualizações	2:27	há 3 anos	6eaCJcLXgQs
Paris cinematic travel film	PARIS, FRANCE | Cinematic Travel Film	Kevin Eassa	566 visualizações	2:56	há 9 anos	iVgS2e2fvcM
Paris cinematic travel film	Paris Cinematic Travel Video	Qian Ma	93.086 visualizações	2:18	há 4 anos	D-SVmCFFXbs
Paris cinematic travel film	Paris, France - Cinematic travel film | Sony A7sii | Dji Mavic Pro | Zihun Crane	Mig Moss	804 visualizações	2:01	há 7 anos	kxRn5r0DKfY
Paris cinematic travel film	VISIT PARIS | 4K Cinematic Travel Film | Sony a7sIII w Cineprint 16mm	Wilbert Cheng	17.518 visualizações	2:41	há 4 anos	jUSTj6kpu6o
Barcelona cinematic short travel	Barcelona (short cinematic video)	IvanTankishev	58 visualizações	3:24	há 2 anos	6HNyIoknlXo
Barcelona cinematic short travel	Return to Barcelona | Cinematic Short Film	Cinemoods	386 visualizações	1:38	há 10 meses	mqKr2VlGl3o
Barcelona cinematic short travel	BARCELONA | Short cinematic video	Valentin Friedli	862 visualizações	1:35	há 6 anos	SWoYwEAMEqY
Barcelona cinematic short travel	Barcelona Looks AMAZING! 🇪🇸 | Street Walk #shorts	Sightseeing tube	9 visualizações	0:11	há 5 dias	sh3dLeA78sU
Barcelona cinematic short travel	Photographing Barcelona | A Short Travel Film (Panasonic G85)	Theo Kennedy	472 visualizações	2:04	há 3 anos	2SKYaiJumKY
Barcelona cinematic short travel	a day in Barcelona - a short film | Sony A7IV	Will Dolan	270 visualizações	1:35	há 3 anos	G3e090J7ir8
Barcelona cinematic short travel	Discovering Barcelona - A Quick Tour	Wander and Wonder	3.692 visualizações	3:01	há 3 anos	ykkjyoqcxVc
Barcelona cinematic short travel	A Barcelona Short Film	bowbow70	175 visualizações	4:03	há 7 anos	6Wg5owVlMik
Barcelona cinematic short travel	B A R C E L O N A // Travel Short Film	Ruth Troughton	193 visualizações	0:35	há 8 anos	0TRc5BH14vI
Barcelona cinematic short travel	SPAIN BARCELONA (Short Cinema)| 61st country visit.	ultra professional 	23 visualizações	0:45	há 2 anos	DTxHlcBHAf8
Barcelona cinematic short travel	A short aesthetic walk through Barcelona | vlog	bitter s!ck	104 visualizações	3:24	há 2 anos	dN4UMdewHHU
Barcelona cinematic short travel	Barcelona - A Cinematic Short Film	Reber Films	190 visualizações	2:08	há 2 anos	HKYfzjqZYMM
Barcelona cinematic short travel	barcelona 2019 short travel film	Travel & Music	352 visualizações	2:38	há 7 anos	fzyU-ffefMU
Barcelona cinematic short travel	Barcelona Short Film | Sony a7IV Cinematic	My Name is Angel	22 visualizações	2:11	há 6 meses	fM4VcUHfd9o
