canal	titulo_exibido	views_texto	videoId
Diego Berlitz	Um Vilarejo ENCANTADOR no Sul da França 🇫🇷	5,5 mil visualizações	8KI_2RSk2ug
Diego Berlitz	Como é voar de Premium Comfort da @klm de Amsterdã para São Paulo ✈️	5,9 mil visualizações	exFY-NjETYE
Diego Berlitz	Minha opinião sincera sobre o Keukenhof, o parque das tulipas na Holanda 🇳🇱	3,6 mil visualizações	z5DfYG4ycXY
Diego Berlitz	Voei de balão pela primeira vez nas Montanhas Capixabas 😱	1,7 mil visualizações	8RvHlshGnag
Diego Berlitz	Um lugar de outro mundo na Sicília, Itália 🇮🇹	4,7 mil visualizações	TvDi-4vpYJc
Diego Berlitz	O cannoli surgiu aqui 🇮🇹	2,1 mil visualizações	HTWGhTrdVJU
Diego Berlitz	O cookie mais (CARO) famoso de Amsterdã 🇳🇱 vale a pena?	2,4 mil visualizações	noF47ZZOagA
Diego Berlitz	Quanto custa os itens desejados pelos brasileiros na Itália e qual desses você traria?	7,2 mil visualizações	u2EFADk8gss
Diego Berlitz	E aí, tá barato ou tá caro? 🇮🇹	969 visualizações	MDeOQiDQsA8
Diego Berlitz	POV: passeando em Taormina, na Sicília, com o seu Aperol.🍹	1,8 mil visualizações	g8MDAsZvMFc
Diego Berlitz	O Paraíso do Pistache em Taormina, na Sicília 🇮🇹	2,3 mil visualizações	mri8jYAvcZY
Diego Berlitz	A cidade IMPERDÍVEL da Sicília #viagem	7,4 mil visualizações	FzbtUot5-AU
Diego Berlitz	O que não vou te contar sobre o Espírito Santo…	4,3 mil visualizações	Ap7VdNKelQw
Diego Berlitz	Cervejaria numa igreja em Utrecht na Holanda 🇳🇱	1,4 mil visualizações	Bk5Y8ZNLuCA
Diego Berlitz	🇦🇷✨ Tudo que comi em Rosário, na Argentina	2,6 mil visualizações	us1SaxV9x2s
Diego Berlitz	Esse paraíso tranquilo corre risco de se tornar um caos.	3,5 mil visualizações	6Bgbm3lnUEU
Diego Berlitz	E assim foi meu primeiro voo de executiva, voando pela @klm	15 mil visualizações	1kNb03iX6vE
Diego Berlitz	Conhecendo a vibe dos botecos do Rio por cariocas	3,7 mil visualizações	2-Q1fHBYxqY
Diego Berlitz	Levei meus amigos Cariocas pra um passeio de lancha na cidade deles 😎	1,4 mil visualizações	Vmg7EuVmb-E
Diego Berlitz	Qual deverá ser o próximo Xis? #XISPOA #MELHORXIS #XisRS	17 mil visualizações	NR6Dn9CP7Rg
Diego Berlitz	✈️ Viajar transforma nossas percepções de mundo #rj #viagem #ROTEIRORJ	3,2 mil visualizações	0fL-nTBxMig
Diego Berlitz	O passeio mais emocionante que já fiz 🤩	1,6 mil visualizações	r7pDB9T-04M
Diego Berlitz	Gosta desse cinema? Esse tour é pra você!	1,2 mil visualizações	rhUCwaCMPEc
Diego Berlitz	Chicago tem o seu próprio estilo nos principais itens da gastronomia dos Estados Unidos 🇺🇸	63 mil visualizações	jAPaKt6hSQM
Diego Berlitz	Costa Amalfitana ou Cinque Terre 🇮🇹	14 mil visualizações	atH-anmyeGA
Diego Berlitz	Esse teatro grego incrível fica na Itália 🇮🇹	3,6 mil visualizações	aD_WqvEGbM4
Diego Berlitz	O sanduíche de pastrami mais famoso de NYC 🇺🇸	10 mil visualizações	s6v7UwEHb8I
Diego Berlitz	NÃO COMETA ESSES ERROS NA SICÍLIA 🇮🇹	3,7 mil visualizações	4gc1Pur-Xy0
Diego Berlitz	O melhor sanduíche que comi na Sicília 😋	6,4 mil visualizações	XtTp9kKdlus
Diego Berlitz	Qual estado tem a melhor comida do Brasil? 😋	38 mil visualizações	iYhLcPZihrc
Estevam Pelo Mundo	O que você acha que foi? Atent@do ou apenas uma briga sem noção? Como ele entrou com uma f@ca?	2,3 mil visualizações	tZck4eGXNF8
Estevam Pelo Mundo	Esse museu PEGOU fogo e fui ver como está hoje	6 mil visualizações	RJ9vzGrlOLA
Estevam Pelo Mundo	AVIÃO DESPENCA E PILOTO É ESFAQUE@DO EM VOO DE DUBAI	3,7 mil visualizações	WKjQh0iiN0I
Estevam Pelo Mundo	🫢PREÇOS REAIS EM DUBAI!	13 mil visualizações	TLqYT9iPoko
Estevam Pelo Mundo	INACREDITÁVEL! 😱 Visitei o MENOR país da EUROPA!	1,5 mil visualizações	AgTUgG0zv0o
Estevam Pelo Mundo	Quem aí é assim tmbm? 😂	5,4 mil visualizações	U0LQOo7DPzc
Estevam Pelo Mundo	💸 CARO ou BARATO? 🇨🇿 No Výtopna, em Praga, comidas chegam de trenzinho! 🚂  Iria? 👇	7,8 mil visualizações	z2O4N3jlp5c
Estevam Pelo Mundo	o que você faria? Se lavar tá nova? 👀 Será que a regra dos 5 segundos funciona no banheiro do avião?	7,3 mil visualizações	J--WR8BMyto
Estevam Pelo Mundo	🇨🇿 QUEM MAIS AMA A TCHÉQUIA? 🤣2 dias são suficientes para conhecer o básico de Praga! 👟🇨🇿	12 mil visualizações	oTPUnAxvrWE
Estevam Pelo Mundo	Comente: “ALERTAS” que te mando o link AGORA!👇🏻	3,9 mil visualizações	SbdhegCoqQA
Estevam Pelo Mundo	Turbulência dá medo, mas não derruba avião! 🙏🏻 Força, Lito! Chegueiiii Budapeste! 🇭🇺✈️	16 mil visualizações	0i8Qy2wpmK8
Estevam Pelo Mundo	🇮🇹 Eu errei pra você acertar: pedágio de €3 virou multa de €80! E ainda tem a PID 😅	23 mil visualizações	_aQF5bhZy_g
Estevam Pelo Mundo	🌋🇮🇹Viria passar férias aqui na Sicília, onde um vulcão há milênios segue ativo?	10 mil visualizações	HnH0tiUbVio
Estevam Pelo Mundo	Cadê essa vibe toda do Insta? Kkkk! Correria pela Sicília ou prefere a esteira? 😂	5,6 mil visualizações	hM97tHOqP-c
Estevam Pelo Mundo	Noto 🇮🇹: o paraíso barroco da Sicília que você precisa conhecer! 🍋☀️Já ouviu falar?	3,1 mil visualizações	QMC0abimwpQ
Estevam Pelo Mundo	Qual vc prefere? Já teve experiências ruins em alguma viagem? Onde?	14 mil visualizações	IfO5X1BNfeo
Estevam Pelo Mundo	O importante é alinhar sempre o roteiro! 😎	19 mil visualizações	AFs_M-VWc9Q
Estevam Pelo Mundo	🇧🇦 Srebrenica: mais de 8 mil vítimas de um genocídi0. Que a história NUNCA se repita.	3,5 mil visualizações	0eQQVM5AWYs
Estevam Pelo Mundo	Filho, com quem você foi viajar?	5,9 mil visualizações	wT4Utg-s29g
Estevam Pelo Mundo	Cada um com suas prioridades, né? 😂✈️	6,7 mil visualizações	CS8rpEig-Ig
Estevam Pelo Mundo	Nada me deixa tão feliz quanto VIAJAR ✈️🌍	4,2 mil visualizações	Kmg7jb667ak
Estevam Pelo Mundo	Chegamos à Bósnia 🇧🇦 País 100! Linda, mas marcada por uma história de guerra. 🥹	19 mil visualizações	Ge7kTmVxC-M
Estevam Pelo Mundo	Entrei na cidade fantasma de Famagusta 😳	2,6 mil visualizações	K9cehv2hcIU
Estevam Pelo Mundo	Mas quem sou eu pra julgar né…👀	21 mil visualizações	9kGm_bulGZw
Estevam Pelo Mundo	O momento MAIS importante do voo 😂🍽️✈️	3,1 mil visualizações	363Qj3vZzwA
Estevam Pelo Mundo	Como é viajar de CLASSE EXECUTIVA? ✈️😍	6 mil visualizações	s0S7f_FMubM
Estevam Pelo Mundo	Entrei na cidade abandonada de Varosha 😳	4,2 mil visualizações	OIoEaBJMHK0
Estevam Pelo Mundo	Você se hospedaria nesse quarto?	2,8 mil visualizações	lHvti5yrFIk
Estevam Pelo Mundo	51 dias de cirurgia, entrei no mar e as entradas sumiram! 👀 O que acharam?	8,6 mil visualizações	tcLzgDrlORQ
Estevam Pelo Mundo	Qual é a MELHOR época para viajar pra Europa? 🇪🇺	4 mil visualizações	KnWps5hjj44
Alemanizando	🍋☕️ CHÁ DE CAIPIRINHA NA ALEMANHA?! 🇩🇪🇧🇷	2 mil visualizações	a3QPf-RvHao
Alemanizando	🇩🇪🚨 Todas sirenes de emergência vão soar na Alemanha: 10/09/2026 - 11h  #noticias#alemanha	2,1 mil visualizações	FkUb0jdfCh8
Alemanizando	🇩🇪🍸 Semana dos drinks por 9€ em Berlim #alemanha	2,4 mil visualizações	8QnsQRYRpAo
Alemanizando	🇩🇪 POV: Passeando de bonde pelo Memorial do Muro de Berlim	1,4 mil visualizações	zbBAR7ygf2s
Alemanizando	🇩🇪🇧🇷O que levar de presente da Alemanha para o Brasil em 2026?	4,1 mil visualizações	oUOiuCUwsMg
Alemanizando	🇩🇪 Acaba dia 31/07 o prazo para declarar seu imposto de 2025	1,3 mil visualizações	iG4qLq1vI1s
Alemanizando	🇩🇪 Te apresento um dos maiores memes do ano na Alemanha:  #alemanha	9,6 mil visualizações	5Ao6pL888Fc
Alemanizando	🇩🇪 Arte em um cinema abandonado em Berlim | Alemanizando	1,3 mil visualizações	z2ae61OuWY0
Alemanizando	🇩🇪 POV: Alemanha perdeu para o Paraguai, foi eliminada da Copa e o caos começou.	1,7 mil visualizações	r2eY9Tr_vM4
Alemanizando	🇩🇪 COMO AGUENTAR O VERÃO E A ONDA DE CALOR NA ALEMANHA	4 mil visualizações	sqBEwujI9Mc
Alemanizando	⚽️🇩🇪 A Copa do Mundo 2026 chegou até o metrô de Berlim!	2,7 mil visualizações	q150juscZVE
Alemanizando	🇩🇪 Como os alemães comemoram as vitórias na Copa do Mundo?	4,2 mil visualizações	TkVSfVxnXtg
Alemanizando	🇩🇪 Ratos de Porão em Berlim - 11/08/2026 no Cassiopeia	3,3 mil visualizações	QrOTanhSNDw
Alemanizando	🇩🇪 Na Alemanha, ninguém se importa com a copa do mundo em 2026	7,2 mil visualizações	yLJ8lFr_ngk
Alemanizando	🇧🇷 Alerta de produtos brasileiros na Alemanha! 🇩🇪	7,9 mil visualizações	lQZ7eQarn8s
Alemanizando	🇩🇪 Criança encontra “tesouro” enterrado na Alemanha #alemanha	19 mil visualizações	SliLNCpjUQ4
Alemanizando	🇩🇪 Como fazer a foto digital para documentos na Alemanha	2,4 mil visualizações	iRJGerf9tGE
Alemanizando	🇩🇪 Comida deliciosa no Bao Gao Club em Berlim	2,5 mil visualizações	UAmA7MnK4bQ
Alemanizando	🇩🇪 Aprendendo como lidar com as emoções em alemão	6 mil visualizações	znHrwN24KIQ
Alemanizando	🇩🇪 7 produtos inspirados pelo Brasil na DM na Alemanha #alemanha	2,4 mil visualizações	zN-lcKhH83o
Alemanizando	🇩🇪 POV: eu depois de estudar alemão pelas primeiras duas horas.	7 mil visualizações	S814D4Wrxrw
Alemanizando	🇩🇪 O que acontece dentro da minha cabeça quando eu tento falar alemão.	5,7 mil visualizações	UTKVx0vFwzA
Alemanizando	🇩🇪 5 Produtos da DM para uma casa limpa e cheirosa	3,9 mil visualizações	6tr0Qz2PmLY
Alemanizando	🇩🇪 Agenda cultural de Berlim | Fevereiro 2026 #berlim	1,6 mil visualizações	XzxdS_3Nfkw
Alemanizando	🇩🇪 Alerta de produtos brasileiros na Alemanha! 🇧🇷	3,6 mil visualizações	trCvXruoR0M
Alemanizando	🇩🇪 🇮🇹 Semana picante em Berlim @TrueItalianFood	3,3 mil visualizações	Z4mtSNZHz8g
Alemanizando	🇩🇪 Como se fala “gatinho” em alemão?	2,3 mil visualizações	ewHW4_FSuEw
Alemanizando	🇩🇪 Eu na frente do espelho tentando treinar o "R" em alemão 😭 #alemão	4,3 mil visualizações	8YAWCWIJsus
Alemanizando	❄️ Esse kabab é pra quem começou 2026 pegando leve depois das festas de final de ano ✨ #alemanha	2 mil visualizações	mkptnVNFAm4
Alemanizando	🇩🇪💥 Ame ou odeie, o dia 31 de dezembro sempre chega na Alemanha ✨🎆	4,1 mil visualizações	aJbu3CFX6OU
Leo e Fabi	TEM HORA QUE NADA DÁ CERTO	3,2 mil visualizações	xEQ0Kpfo9Zo
Leo e Fabi	💰 NOTÍCIA BOMBÁSTICA! Até $60 de cashback na Nomad usando o código LF60 (SÓ ATË 03/07)	1,9 mil visualizações	nGc6ZVbcvNo
Leo e Fabi	🇰🇷 O PAÍS QUE ESTÁ DOMINANDO O MUNDO INTEIRO | Como a Coreia do Sul Chegou nisso #coreiadosul #seul	1,8 mil visualizações	cnCbQxKPwQc
Leo e Fabi	COMO ISSO ACONTECEU COM A COREIA? O milagre econômico que mudou o rumo do país #coreiadosul #seoul	2,1 mil visualizações	Kf-95uBlJ4w
Leo e Fabi	COMO É UM MERCADO PÚBLICO NA COREIA DO SUL 🇰🇷 Visitamos o Simpo Internacional Market #coreiadosul	2,3 mil visualizações	Ii2ViXEfZhk
Leo e Fabi	DANÇANDO NA RUA COM O PESSOAL DA COREIA DO SUL 🇰🇷 Cenas de Pousando no Amor #coreiadosul #seoul	2,4 mil visualizações	xpkuvcfUYos
Leo e Fabi	PROVANDO CALDO DE CANA NA COREIA DO SUL 🇰🇷 #caldodecana #coreiadosul #seoul #southkorea #incheon	3,1 mil visualizações	kbXk86FL_p0
Leo e Fabi	O BTS GRAVOU AQUI! Visitamos o local de gravação do clipe da música For You #bts #armybts	1,9 mil visualizações	q0OlrbWM0zw
Leo e Fabi	ONIBUS NA COREIA ÀS 22:30 DA NOITE, É SEGURO? #coreiadosul #segurança #onibus #transportepublico	7 mil visualizações	U1nYjUXm4OI
Leo e Fabi	ISSO FUNCIONARIA NO BRASIL? Qualquer pessoa pode levar o pacote embora #coreiadosul #segurança	5,3 mil visualizações	Q0j76ElB9OE
Leo e Fabi	CHEGAMOS NA COREIA 🇰🇷 Como é o país mais popular do mundo? #coreiadosul #dorama #kpop #seoul	2,7 mil visualizações	p3dt5FvM5hY
Leo e Fabi	MARMITA QUE ESQUENTA SOZINHA 🇯🇵🤯 Só no Japão mesmo pra encontrar essas coisas #japão #futuro	5,8 mil visualizações	wltiBcu8qYA
Leo e Fabi	JAPÃO, O PAÍS PERFEITO! Será que é isso tudo mesmo? #japão #osaka #viagem	2,5 mil visualizações	7VEKAMPZt54
Leo e Fabi	MELANCIA DOS MILIONÁRIOS POR R$130,00 NO JAPÃO | preços absurdos de frutas na Ásia #japão #frutas	2,3 mil visualizações	Rh3U6yrAnck
Leo e Fabi	A incrível Nintendo Store de Tóquio #nintendo #nintendostore #tóquio #pokemon #japão	3,3 mil visualizações	sMF0TK3haEo
Leo e Fabi	QUANDO EU MORDI, O PEIXE TAVA OLHANDO PRA MIM! As bizarrices do Japão #japão #comidajaponesa	12 mil visualizações	h0z8PnleWiA
Leo e Fabi	OS SEGREDOS DO JAPÃO REVELADOS NO SUPERMERCADO #japão #supermercado #viagem	17 mil visualizações	mYHfhJdO1vM
Leo e Fabi	PEDIDO EM TELA GIGANTE NO JAPÃO | Sushi de esteira em Tóquio #japão #sushi #comidajaponesa	6,4 mil visualizações	vKL9_Nfsaos
Leo e Fabi	A maior loja de eletrônicos do mundo 🤯🇯🇵 Essa é Yodobashi Akiba em Tóquio #eletronicos #tecnologia	5,5 mil visualizações	SR8Rr0WatWo
Leo e Fabi	TOKYO DRIFT DA VIDA REAL | Encontros de carros e corridas do Japão #toquio #jdm #carros	2,5 mil visualizações	9XpA5DTY0Jg
Leo e Fabi	Essa é a nossa Floresta Amazônica  #naturezasurpreendente #amazonia #manaus #brasil	2,7 mil visualizações	mDqhbl6t38o
Leo e Fabi	Notícia BOMBÁSTICA!	8,2 mil visualizações	0UWTn7jYDnc
Leo e Fabi	UMA VIAGEM ÉPICA	3,7 mil visualizações	E4i5JG8TNXY
Leo e Fabi	Embarcamos em um voo temático de Harry Potter com a LATAM ✨	7,4 mil visualizações	bDf93qvCRIE
Leo e Fabi	O jeito mais fácil de tirar a próxima viagem do papel | LATAM.com	4,3 mil visualizações	HxUC62rSe7Q
Leo e Fabi	Isso pode salvar sua viagem | LATAM.com	5,6 mil visualizações	rSyQuhrlrEs
Leo e Fabi	O jeito que você planeja a viagem muda tudo | LATAM.com ✈️	3,9 mil visualizações	JyYqzVfhAdM
Leo e Fabi	Muito mais que uma viagem | @Localiza  #Localiza #AluguelDeCarros #borafechar #publicidade	313 mil visualizações	goxj9U8ARGU
Leo e Fabi	Tá esperando o quê pra viajar? MEGA PROMO LATAM: até 60% OFF + Milhas LATAM Pass.	6,2 mil visualizações	Ew_gSdrbjh8
Leo e Fabi	Descubra Buenos Aires com a melhor experiência de viagem	5,9 mil visualizações	6G70OJH41nQ
Marina Guaragna	se indígenas também participaram da luta pela independência de tantos países da América Latina	8,3 mil visualizações	dXLLaKx0_tQ
Marina Guaragna	quando as eleições são ditadas pelo ódio, até o que era inaceitável começa a parecer normal.	72 mil visualizações	CcJE160hfc4
Marina Guaragna	No tango, eles chamam pra dançar sem falar nada.	14 mil visualizações	SeFkIDT0lxE
Marina Guaragna	por que pronome neutro causa tanto problema?	60 mil visualizações	F2nPPv8w_fQ
Marina Guaragna	de onde surgiu o doce de leite?	258 mil visualizações	6WNlSsMwIzs
Marina Guaragna	sabia que a folha de coca é parte da cultura andina há séculos?	34 mil visualizações	XwKWboO5Pfc
Marina Guaragna	Argentina: o país do futebol! opa, quer dizer... do pato 🦆	14 mil visualizações	ihtENrJDg4E
Marina Guaragna	o mate é indígena e já foi perseguido pela igreja 🧉	24 mil visualizações	33Z2Q2NJbNo
Marina Guaragna	chegamos na Argentina 🇦🇷 · o que querem conhecer daqui? 🤍	36 mil visualizações	MVrs-E4d8sA
Marina Guaragna	a melhor cerveja do mundo é feita por monges e não pode dar lucro? 😳	27 mil visualizações	qjkAp6Ux2iE
Marina Guaragna	porque não cobrir remédios com chocolate?	79 mil visualizações	e-DRA4yDvrk
Marina Guaragna	e é por isso que questionar narrativas herdadas e costumes é tão importante (e não, não é "mimimi")	119 mil visualizações	xrlBCUffccQ
Marina Guaragna	um país menor que Sergipe, mas com uma cultura cervejeira reconhecida pela UNESCO🍺🇧🇪	49 mil visualizações	1asSEMly4M4
Marina Guaragna	acabou o espaço no meu passaporte 🫨 mas bom que pra essa imersão cultural eu não preciso dele ✨	21 mil visualizações	jFDmA2HIDyM
Marina Guaragna	o país do chocolate não planta nenhuma árvore de cacau. então de onde vem tanto chocolate?	62 mil visualizações	_zjccyEJaAw
Marina Guaragna	ahh a Bélgica....	20 mil visualizações	vFonWWg27MA
Marina Guaragna	um país inteiro como propriedade privada de um único homem	46 mil visualizações	ExVqVWMbEfE
Marina Guaragna	sabia que foram os belgas que inventaram a batata frita? (e eles são muito orgulhosos disso)	66 mil visualizações	vRLcHdn3IME
Marina Guaragna	café, suco de laranja, água com gás e muito gelo: assim é meu café favorito ✨ já provaram?	26 mil visualizações	zpjAP1faj8g
Marina Guaragna	porque viver uma vida offline tá virando tendência? créditos das imagens: the offline club	543 mil visualizações	bpHicXCEtbk
Marina Guaragna	Amsterdam proibiu propaganda de carne, voos e cruzeiros. mas porque?	96 mil visualizações	HE20Cq_UCcI
Marina Guaragna	a pr*situação é profissão regulamentada na Holanda: paga imposto, tem sindicato e muitas regras	6,8 mil visualizações	CvtRNEjTLH8
Marina Guaragna	esse é o lugar com o mapa mais estranho do mundo	157 mil visualizações	84uco_6nlp0
Marina Guaragna	uma tulipa pelo preço de uma mansão? sim, isso aconteceu!	33 mil visualizações	72U1CqhExA4
Marina Guaragna	nas enchentes do Rio Grande do Sul em 2024, especialistas holandeses foram chamados pra avaliar	63 mil visualizações	0JvtR4kcpVs
Marina Guaragna	talvez essa seja uma cidade estranha, cheia de peculiaridades.	26 mil visualizações	7GdK_WBmJAI
Marina Guaragna	Anne Frank era muito mais interessante, complexa e politicamente posicionada do que muita gente acha	107 mil visualizações	xhNfdyg5PzE
Marina Guaragna	a mac*nha nunca foi legalizada em Amsterdam 👀	60 mil visualizações	p9xHIlTMWBE
Marina Guaragna	alerta de assuntos polêmicos ⚠️ (mas ao menos a gente concorda em tudo kkkk) e vocês???	20 mil visualizações	8vCUjSMwTsQ
Marina Guaragna	como Van Gogh virou uma marca tão valiosa depois de ter m0rrido?	143 mil visualizações	-oHQ6fMW6ys
Trip Partiu	O que você pegaria no café da manhã do hotel Ocaporã? 😋 #portodegalinhas	25 mil visualizações	hb-mJR3KtJE
Trip Partiu	3 de outubro de 2026	24 mil visualizações	KNjRO4hlEUs
Trip Partiu	Aberto há mais de 300 anos 😱 #espanha	6,1 mil visualizações	v-Je_re5U3w
Trip Partiu	Quem aí faria igual? 😂😂😂 Maldivas é surreal 🇲🇻	134 mil visualizações	vhhcYat-Bqc
Trip Partiu	Já tinha ouvido falar? 😱 #riodejaneiro	3,8 mil visualizações	BQOvfM6lUXw
Trip Partiu	Sabia disso? 😱  #espanha	8,1 mil visualizações	raVGRv0VFKU
Trip Partiu	Você desceria? 😰	5,9 mi de visualizações	JFUJjBUr4qs
Trip Partiu	Já ouviu falar? 🇨🇷🤔	24 mil visualizações	pHhu2gTFNQQ
Trip Partiu	Teria coragem de entrar? 🤔	62 mil visualizações	RKxm7R0i0VU
Trip Partiu	Sabia disso? 🤑 #espanha	15 mil visualizações	kjaQUCE_iZw
Trip Partiu	O que achou do preço? 🤔 Manda pra quem vai com você ❤️ #copacabana #riodejaneiro	729 mil visualizações	JzHNOdLYyJs
Trip Partiu	Achou caro ou barato? 🤔 #riodejaneiro	107 mil visualizações	fkdVd8caXV8
Trip Partiu	Você já conhece? 🤔 #brasil #turismo	29 mil visualizações	2iIL2xDhyAs
Trip Partiu	A vista no final 😱 Logo logo será você no Hotel Copacabana Palace ❤️	23 mil visualizações	G7hUavVeu3s
Trip Partiu	Erros que você NÃO pode cometer na sua viagem em Bonito MS	25 mil visualizações	QVVwavaoBNE
Trip Partiu	📍Lagoa Misteriosa fica no Mato Grosso do Sul. Ninguém conseguiu chegar no fundo 😱	70 mil visualizações	jTgyl5bNmjE
Trip Partiu	Topa ou arrega? 👀	27 mil visualizações	b9x0n32aBvI
Trip Partiu	Já tinha ouvido falar? 😱 #brasil #viagem	1,2 mi de visualizações	NF8KZPgC9Qo
Trip Partiu	Provaria algum? 🤔  #tailandia	9,9 mil visualizações	uwRSg_guvq0
Trip Partiu	Já escutou falar no Durian? 🤢 #comida	148 mil visualizações	bSh-SjjMwCU
Trip Partiu	Você comeria a sopa de 50 anos? 🤔 🍲 #comida	607 mil visualizações	JW2rL6hgx_U
Trip Partiu	Um sufoco 😮‍💨 Manda pra quem vai s0frer contigo na Tailândia 😰🇹🇭 #tailandia	301 mil visualizações	pVqQDzlpcJY
Trip Partiu	Caro ou barato? 🤔 #maceio #praiasbrasil	140 mil visualizações	5naIxdTO5eg
Trip Partiu	Pronto, agora quero um tambaqui de estimação 🤣	51 mil visualizações	4AbdGS6obSY
Trip Partiu	Já conhece? 😱 É o MENOR estado do Brasil 🇧🇷 #viagem	75 mil visualizações	NocFeMHUds8
Trip Partiu	Os dentinhos dele 😳 Teria coragem?	295 mil visualizações	Fsjb2gjKYsc
Trip Partiu	O que achou do preço? 🤑 #riodejaneiro #hotelfazenda	44 mil visualizações	NU92lFcbRUc
Trip Partiu	Lindo e gratuito 🤑 Você sabia disso?   #riodejaneiro	17 mil visualizações	vZf6nvwR7h0
Trip Partiu	Feliz ano novo 🎊 #riodejaneiro #copacabana #happynewyear	124 mil visualizações	AMxohMDRfis
Trip Partiu	O que achou do preço? 🤑 #cruzeiro #msc	81 mil visualizações	iMRpuvI-avY
GetOutside (Ale & Duda)	Esse é o Parlamento Viking Mais Antigo do Mundo!	2,9 mil visualizações	AOmRhhusu1c
GetOutside (Ale & Duda)	Essa é uma BRUXA que foi petrificada	1,9 mil visualizações	-tEPMKvpkpg
GetOutside (Ale & Duda)	Vocês já tinham ouvido falar nesse lugar?	1,3 mil visualizações	rJHxcrs5_gw
GetOutside (Ale & Duda)	Essa IGREJA é diferente	1,5 mil visualizações	CJ3_DkgAvWM
GetOutside (Ale & Duda)	Nesse país tem mais OVELHAS do que PESSOAS	975 visualizações	khUjA9YcRow
GetOutside (Ale & Duda)	Assim eles criam salmão nesse lugar	1 mil visualizações	u5HGevrqjy8
GetOutside (Ale & Duda)	Essas ilhas foram criadas no fogo	1,8 mil visualizações	pIaHOnBMx3A
GetOutside (Ale & Duda)	Fomos jantar na casa de um estranho e isso aconteceu	1,1 mil visualizações	HY7iieDmUrY
GetOutside (Ale & Duda)	Olha o que o mar e o vento fizeram nessa pedra	1,4 mil visualizações	td36-tp7Euo
GetOutside (Ale & Duda)	Olha a vista dessa CADEIA (só 14 vagas)	2,6 mil visualizações	JDUcvlFZb_Q
GetOutside (Ale & Duda)	Fomos cercados por hienas selvagens!	3,2 mil visualizações	u2nv--lVLnA
GetOutside (Ale & Duda)	Só essa lona nos separa dos predadores	3,9 mil visualizações	6LGlYtGCR3E
GetOutside (Ale & Duda)	Inacreditável que eles fizeram isso aqui	4,6 mil visualizações	PZ35Z_5rUiA
GetOutside (Ale & Duda)	O que impede o leão de chegar na gente?	1,5 mil visualizações	dIK1PCVYf6k
GetOutside (Ale & Duda)	A gente não vai esquecer o que vimos	3,1 mil visualizações	2_-hCiQ7LlE
GetOutside (Ale & Duda)	Vimos o LEÃO COM UMA CAÇA na nossa frente	6,5 mil visualizações	rB7G0TfRRoo
GetOutside (Ale & Duda)	O predador subiu EM CIMA DO CARRO!	5,8 mil visualizações	sM2uoIIEyKo
GetOutside (Ale & Duda)	Esse dia vai entrar para a nossa história	2,3 mil visualizações	MZiUMsVdOL4
GetOutside (Ale & Duda)	Eles montam ISSO TUDO no meio do nada	1,7 mil visualizações	g-Cw9iyR_6M
GetOutside (Ale & Duda)	Um banho de LUXO no meio do Serengeti	2,1 mil visualizações	r99i-fRj7iU
GetOutside (Ale & Duda)	CARA A CARA COM GUEPARDOS	3,4 mil visualizações	7S82WHxHoyU
GetOutside (Ale & Duda)	Brasil x Quênia: O desafio!	2,8 mil visualizações	CB_UnncZnqs
GetOutside (Ale & Duda)	Só sobraram esses 2 segredos	2,2 mil visualizações	tOL6q5VA6pg
GetOutside (Ale & Duda)	O segredo dos Quenianos revelado!	3,7 mil visualizações	YwxjUzpdGec
GetOutside (Ale & Duda)	Qual o segredo dos quenianos?	2,7 mil visualizações	xwKFA-Uyzd4
GetOutside (Ale & Duda)	Essa cidade é começa a investigação	4 mil visualizações	yQpFTwoteqw
GetOutside (Ale & Duda)	Chamei um atleta de elite pra um duelo	1,8 mil visualizações	O6IfL61wTus
GetOutside (Ale & Duda)	A história desse lugar é bizarra	6,3 mil visualizações	HKBAIuaQhic
GetOutside (Ale & Duda)	O amor entre os leões dura esse tempo	1,3 mil visualizações	tUPEvTj8ZaE
GetOutside (Ale & Duda)	Acordamos com essas mulheres do lado	4,1 mil visualizações	LaGBDB1M_Qs
Três Viagens	MERCADO DE SAN TELMO BUENOS AIRES - 5 LUGARES IMPERDÍVEIS	4,2 mil visualizações	P_rY2BIEXMY
Três Viagens	O QUE FAZER EM PARIS  #dicasdeviagem #paris	3,6 mil visualizações	rQAE_nRajXw
Três Viagens	TRÊS LUGARES PARA COMER BEM EM PARIS	5,3 mil visualizações	1WiKFMXEMQY
Três Viagens	O que fazer em Madrid 🇪🇸 #madrid #spain #eurotrip	2,9 mil visualizações	MP5CZptgiNo
Três Viagens	Quanto custa comer na Liberdade em São Paulo 🎌 #saopaulo  #liberdadesp	2 mil visualizações	lTUGCf2f48M
Três Viagens	O lugar perfeito para tirar fotos com o Big Ben em Londres #londres #london #bigben	3,8 mil visualizações	6CgPsP5QFEo
Três Viagens	Roteiro de cinco dias em Paris 🇫🇷 #frança #paris #roteirosdeviagem	4,2 mil visualizações	pKFPv21f6AI
Três Viagens	Torre Eiffel ou Sagrada Família? 👀 #paris #barcelona #torreeiffel #sagradafamília #europa	4,6 mil visualizações	qdtHGokbX9Q
Três Viagens	Curaçao é um paraíso 🩵 #curacao #caribe #viagem #curaçao	4,3 mil visualizações	v9TDJQtm1Xw
Três Viagens	Preços no supermercado em Curaçao 👀 #caribe #curacao #curacaoisland	3,2 mil visualizações	Sgsw_fB-jeQ
Três Viagens	Como estão os preços em Curaçao no Caribe em 2026 #caribe #curacao #curacaoisland #curaçao	5,7 mil visualizações	5mz4YtmG1Fc
Três Viagens	Tour na CASA BATLLÓ em Barcelona: Vale a Pena?	4 mil visualizações	Jec4hqL19Rc
Três Viagens	Avaliando Comidas em Paris com Valores	21 mil visualizações	mWdHDI-DSlk
Três Viagens	Quanto nós gastamos em um dia turistando em Paris 🇫🇷	4,1 mil visualizações	B2WbcdDNbJ0
Três Viagens	Bariloche ou Santiago? #bariloche #santiago #barilocheargentina #santiagochile	10 mil visualizações	11w524S2mhM
Três Viagens	Santiago do Chile: Que cidade linda! 😍	2,4 mil visualizações	wDLc7H08YX0
Três Viagens	Santiago do Chile📱 Cupom de Desconto eSIM Airalo: TRESVIAGENS3 #santiago #santiagochile	2,9 mil visualizações	uOACd3j5p2s
Três Viagens	COMO ESTÃO OS PREÇOS EM SANTIAGO DO CHILE?	9 mil visualizações	hQ4gQQhYNps
Três Viagens	VALE A PENA FAZER COMPRAS EM ORLANDO? COMO ESTÃO OS PREÇOS?	18 mil visualizações	vJKGVJ5_U9c
Três Viagens	Gramado: Como estão os Preços em 2025!	24 mil visualizações	4U1MtF9dh_g
Três Viagens	Mundo Criamigos Hotel Gramado | Hotel De Criança	3,5 mi de visualizações	Gr4jGaQHttA
Três Viagens	Krispy Kreme o melhor donuts da vida 🤤 #krispykreme #orlando #donuts	14 mil visualizações	OXarqpWFBA0
Três Viagens	BETO CARRERO COM CRIANÇA PEQUENA: Deu Ruim? Valeu a Pena?	29 mil visualizações	fCaOMgpEoQM
Três Viagens	COMO ESTÃO OS PREÇOS EM SAN PEDRO DE ATACAMA NO CHILE	21 mil visualizações	rpH8KAoWbEg
Três Viagens	ROTEIRO COMPLETO NO DESERTO DO ATACAMA. #atacama #chile	16 mil visualizações	Q16olM6oauI
Três Viagens	ATACAMA: O que você precisa SABER antes de VIAJAR.  #atacama #desertodoatacama	7,4 mil visualizações	KIYoXgLGV4I
Três Viagens	Já ouviu falar da vindima do Vale dos Vinhedos e Região? #serragaucha #valedosvinhedos #vindima	4,5 mil visualizações	Uz3L2njrbUk
Três Viagens	Ranking dos Parques da Disney de Orlando pela nossa filha. #disney	6,8 mil visualizações	byfeM_DiAjI
Três Viagens	Quanto Custa Conhecer os Parque da Disney em Orlando?  #disney	21 mil visualizações	EwI_6pwwvhc
Três Viagens	DISNEY ORLANDO: O Melhor Destino de Viagem em Família? #disney #dicasdeorlando	13 mil visualizações	38DAZVehcrM
Drew Binsky	He Lives Alone In The Amazon Jungle	41 mil visualizações	8grbpwPxr1s
Drew Binsky	Inside America’s Most Expensive Grocery Store	65 mil visualizações	QYYK95uBWIs
Drew Binsky	I Tried 3 Most Extreme Treatments In The World	86 mil visualizações	jeuTcG6Wu2E
Drew Binsky	Ele Fala 5 Idiomas, Mas Não Tem Dinheiro Para Comprar Comida	747 mil visualizações	LetVDgbDB-E
Drew Binsky	Investiguei Os 3 Grupos Religiosos Mais Rígidos Dos Estados Unidos	572 mil visualizações	ufpZt8HrFhQ
Drew Binsky	I Have A Huge Announcement!	85 mil visualizações	NmkhsAIql0M
Drew Binsky	World’s Largest Family Home (800 People Live Here!)	163 mil visualizações	xD2i5nVW23k
Drew Binsky	People's Names In This Village Are Songs	116 mil visualizações	rl5_3kIxZYM
Drew Binsky	Conheci Os 3 Homens Religiosos Mais Extremos Do Mundo	102 mil visualizações	yzYmxzmDIpc
Drew Binsky	3 Regras Malucas Que As Crianças Norte-Coreanas Precisam Seguir	713 mil visualizações	9sqR6Rqxhf8
Drew Binsky	Este É O Banho Mais Doloroso Do Mundo	222 mil visualizações	AG5_MKl6yo8
Drew Binsky	3 Lugares Onde Me Sinto Mais Inseguro Como Viajante	192 mil visualizações	kxThEYgADZg
Drew Binsky	The World’s Oldest Toilet	125 mil visualizações	IzEXN8SX3qM
Drew Binsky	Este Mercado Só Vende O Que Eles Encontram No Lixo	254 mil visualizações	TTFC3mR6FsU
Drew Binsky	Os 3 Super-Humanos Mais Chocantes Da Vida Real	338 mil visualizações	Otz87ILbmA8
Drew Binsky	3 Regras Brutais Que Os Guarda-Costas Norte-Coreanos Precisam Seguir	320 mil visualizações	qZrBTqO_PVE
Drew Binsky	Os 3 Momentos De Viagem Mais Assustadores Em Zonas De Guerra Ativas	378 mil visualizações	CIC5Tpa4ZWE
Drew Binsky	Esta Ilha Me Deu Uma Erupção Na Pele Com Risco De Vida	290 mil visualizações	VC0Dbi0P-kI
Drew Binsky	Não Quebre As 3 Leis Na Coreia Do Norte	369 mil visualizações	IE1ttwugXTI
Drew Binsky	He Is The Only Prisoner In This American Jail	10 mi de visualizações	d9w9tME0aEY
Drew Binsky	3 Tiniest Spaces People Pay To Live In Tokyo	138 mil visualizações	t83w_QIUaUs
Drew Binsky	I Brought My Wife To Iraq (Worst Idea Ever?)	171 mil visualizações	rHBv-rNQYVs
Drew Binsky	This Is The Worst Reviewed Hot Dog In New York	133 mil visualizações	Qhe6NwhxzR0
Drew Binsky	Would You Go To A Random Dentist In Iraq?	174 mil visualizações	ljA3aDFFs3M
Drew Binsky	3 Comunidades Com Genética Que Você Não Vai Acreditar Que Existe	2,3 mi de visualizações	pPgmB4eHWls
Drew Binsky	Como Eles Escaparam Da Coreia Do Norte	923 mil visualizações	5eaOgjdf-T0
Drew Binsky	My 3 Most Disgusting Flight Experiences	5 mi de visualizações	-98SIPi79_I
Drew Binsky	I Met The 2-Toed Tribe	182 mil visualizações	rkGZbaJJDdU
Drew Binsky	Qual É O Item Mais Perigoso Da Coreia Do Norte?	1,5 mi de visualizações	IkraoooMt7Q
Drew Binsky	Ela Não Usa O Banheiro Há 16 Anos	154 mil visualizações	JTPui4iRFTo
Kara and Nate	Would you sleep here?	1,4 mi de visualizações	xpJrR5-Ndpw
Kara and Nate	Could you spend 96 hours on this train across Canada? 😍🇨🇦	2,4 mi de visualizações	PtsIjbMZVHA
Kara and Nate	Japan's best train🤩	1,8 mi de visualizações	bhEyPqsKXiQ
Kara and Nate	Movie theatre in a car🤯🍿	210 mil visualizações	dGdZf5eNlLs
Kara and Nate	My feet are still sweating😬	113 mil visualizações	csn5cvxnO_8
Kara and Nate	China’s most inconvenient convenient store🙈	2,8 mi de visualizações	QuUV67rNDiQ
Kara and Nate	Would you try it?👂🏼😳	781 mil visualizações	IQftOGGBFvE
Kara and Nate	112 countries later, we have few routines in our lives! But AG1 is one of them💪🏻	127 mil visualizações	yb7sCBfAMqw
Kara and Nate	Are we on an episode of The Bear?! 😭 Can’t BELIEVE what they surprised us with! #ElevenMadisonPark	282 mil visualizações	y_xGy9cZA7A
Kara and Nate	watch our full episode to see how this experience is even possible🥹💛	66 mil visualizações	I02uMAJ-lSw
Kara and Nate	Dream come true🥹	116 mil visualizações	JBuqtvXhOcA
Kara and Nate	Not your average safari 🐘⚓️	79 mil visualizações	qVBIPIirxU0
Kara and Nate	These are a different kind of bed bugs 😅 one of my favorite scenes from our Namibia documentary🪲	491 mil visualizações	9V5uKssEKTg
Kara and Nate	4 days on Africa's most luxurious train!! Rovos Rail 🥂	73 mil visualizações	RPL0wly1mUI
Kara and Nate	Saudi Arabia’s new overwater resort is insane🛸	115 mil visualizações	fLB_A0jLYP4
Kara and Nate	Surviving on a deserted island is harder than you’d think🦀	109 mil visualizações	QaXhoWGwkbk
Kara and Nate	Help‼️go to ProtectYourPoints.com to keep this bill from passing! #TPGpartner	75 mil visualizações	LCqXjHBVgMY
Kara and Nate	Do you think the 3 prisoners actually escaped Alcatraz??	101 mil visualizações	jZcPQY3wbxw
Kara and Nate	We lived in the BRAND new EarthRoamer LTx worth $900k!	245 mil visualizações	hWSl4FwNgUs
Kara and Nate	After traveling to 111 countries over the last 9 years, Antarctica is still top 3 best trips EVER 🐧	220 mil visualizações	B7O4L53m_6g
Kara and Nate	Would you sleep in the world’s deepest hotel? 😬⛏️	88 mil visualizações	NyVwP5Ih-pc
Kara and Nate	Never expected to see this😭	94 mil visualizações	-dzV62r7z0E
Kara and Nate	The best way to find local experiences around the world is through @Viator! #ad #DoMoreWithViator	113 mil visualizações	deszkb2CBSQ
Kara and Nate	This is a MUST DO in Iceland! 🤩 @Viator #DoMoreWithViator #ad	137 mil visualizações	XIhrR3bWkB0
Kara and Nate	sounded better in theory 😂🦄 happy 11 year anniversary ❤️	117 mil visualizações	QGO1LuOySEg
Kara and Nate	What’s inside the most expensive home in Joshua Tree? 😱	163 mil visualizações	IyVyvv3f2D4
Kara and Nate	This is California's Craziest Airbnb	248 mil visualizações	EqAm5h-npNs
Kara and Nate	Mansão em ilha privativa de bilionário 🤯🤩 o final vai explodir sua mente 😜🦩💃🏻 @moskitobvi	6,8 mi de visualizações	w8xh0Xu9U_g
Kara and Nate	🚨Your miles & points could be in jeopardy!🚨Help by going to protectyourpoints.com #TPGPartner	167 mil visualizações	5dT0gW4gsEI
Kara and Nate	This $1.1 million EarthRoamer is insane 🤯	419 mil visualizações	CV6iCNJ2Nw4
Lost LeBlanc	No @Insta360s were harmed in the making of this video because the X5 lenses are replaceable 🙏🏼	11 mil visualizações	yp4D8ucqYLM
Lost LeBlanc	Com a @insta360 X5, nenhum clique ou momento foi perdido.	18 mil visualizações	77m_o5SN7PU
Lost LeBlanc	Shooting alone isn’t as hard as you think. I stopped asking strangers and started using my Insta360	16 mil visualizações	_vv3JD2fIyM
Lost LeBlanc	24 de novembro de 2025	17 mil visualizações	Tlm7QQx5irg
Lost LeBlanc	Cem picadas de formiga em vez de cem picadas de mosquito. Você faria essa troca?	21 mil visualizações	J-RfvAJ9qWs
Lost LeBlanc	Eis como é realmente se perder na floresta amazônica...	9,1 mil visualizações	6exASWK82l8
Lost LeBlanc	If only it were that easy 🫰🏼Home sweet @lost.villa	18 mil visualizações	9AHwtupyZFI
Lost LeBlanc	Leve-o para qualquer lugar, monte-o literalmente em qualquer lugar.	17 mil visualizações	iW2b01YPk0k
Lost LeBlanc	Demorou quatro anos para construir o quintal dos meus sonhos.	41 mil visualizações	-8-9FDhval4
Lost LeBlanc	Acabei de testar a nova @insta360 Go Ultra e ela conseguiu fazer coisas incríveis.	14 mil visualizações	y6buFzvkodI
Lost LeBlanc	A bênção balinesa final está completa @lost.villa. Me sinto tão abençoado e grato por este momento.	11 mil visualizações	w7qfvI_0yTQ
Lost LeBlanc	De quedas de moto a dias de viagem e partidas de remo.	4,7 mil visualizações	kTamR0tz5rM
Lost LeBlanc	Abrimos as portas da nossa casa para 32 crianças de um orfanato local aqui em Bali e fizemos uma ...	14 mil visualizações	_AxlTyiocaw
Lost LeBlanc	1 ano ATRASADO, mas esses grandes marcos @lost.villa fazem tudo valer a pena.	18 mil visualizações	Xxmc6pmL-WI
Lost LeBlanc	Ever wonder what would happen if you fell into the water in the Amazon?	58 mil visualizações	gGWwj12V-a8
Lost LeBlanc	The most beautiful place on earth - all captured in stunning 360	47 mil visualizações	32JV1KLb6PM
Lost LeBlanc	Este é um hotel de 5.000.000 de estrelas🌟	28 mil visualizações	hJgCd5RPoeo
Lost LeBlanc	Bali is CLOSED	22 mil visualizações	EZwJlKvQ-qE
Lost LeBlanc	No cozier feeling than welcoming the 2024 rainy season from our new home in the jungle	30 mil visualizações	PKx-ss7Ngqo
Lost LeBlanc	Protect your trees - they will out live you 🫶🏼	7,6 mil visualizações	gzegH5tHiig
Lost LeBlanc	IT FINALLY HAPPENED	63 mil visualizações	gYveN4Da-YA
Lost LeBlanc	Everyone out here having babies and I’m just building my dream yard for more dogs 🐶🐶🐶	24 mil visualizações	vrW_MmH24j8
Lost LeBlanc	This is the biggest mistake I almost made..	10 mil visualizações	MgD7Z9nLbAw
Lost LeBlanc	Histórias de sucesso são chatas	10 mil visualizações	ojELPpZCUMc
Lost LeBlanc	Perdi US$ 25.000 e agora minha casa está 6 meses atrasada e a culpa é minha.	29 mil visualizações	4rEo6sSSUBI
Lost LeBlanc	Welcome to our Kenyan hideaway 😍	11 mil visualizações	yEDSu4ffikQ
Lost LeBlanc	Então é por isso que os vasos sanitários da Austrália dão descarga na direção errada 🧐	27 mil visualizações	bZWVykAymFw
Lost LeBlanc	We baked like vikings and made rúgbrauð bread.If you have a hot spring at home, try it for yourself!	24 mil visualizações	Q1bxSDPIEwk
Lost LeBlanc	1 ano após construir a casa dos meus sonhos em Bali - Lost Villa	66 mil visualizações	wUdNZiS8MLk
Fearless & Far	O que o Dia dos Mortos me ensinou sobre a vida	2,5 mil visualizações	sHfJq2CkE3g
Fearless & Far	Coragem acima da imprudência	2 mil visualizações	SKwGHJZj138
Fearless & Far	Men are like sharks	6,4 mil visualizações	NWuOZ_JCkGk
Fearless & Far	Exploring an Abandoned Theme Park in New Orleans	24 mil visualizações	o1Kv_Dzbt_8
Fearless & Far	This was me 20 years ago ...	15 mil visualizações	suFsB8EfD-k
Fearless & Far	Travel Do's vs. Dont's	11 mil visualizações	vNK5DxICFto
Fearless & Far	How to actually travel on a budget ✈️	21 mil visualizações	A4-FBgOvEsM
Fearless & Far	Countries to travel to when you're young & broke 🌎	19 mil visualizações	rKlXSW6u12w
Fearless & Far	Adventure travel expert rates different adventures on a scale from 1-10 🌎	15 mil visualizações	NX9yzkMTSyg
Fearless & Far	Almost Caught Exploring a Castle in Turkey	13 mil visualizações	_O3r9AkEnAA
Fearless & Far	Inside Pablo Escobar’s Crashed Plane	18 mil visualizações	yioSkLtRaFU
Fearless & Far	The truth about traveling...	12 mil visualizações	ln9dRxQvaNE
Fearless & Far	We found Scrap Collectors on Angola’s Coast	29 mil visualizações	Z5EsA0S_f-I
Fearless & Far	Traveling: Bad, good, great edition 👀	8,1 mil visualizações	TbdW0A9tJ5g
Fearless & Far	That Night at Satan’s Castle in Turkey	11 mil visualizações	ZOf6WSirUdE
Fearless & Far	I’ve traveled to 85 countries & I’m not ashamed to admit… 😌	12 mil visualizações	u0uY1J93Kdk
Fearless & Far	Inside Cappadocia’s Incredible Rock Caves	29 mil visualizações	BQNSgAkwWaA
Fearless & Far	How to fix your travel deficiency ✅	9,4 mil visualizações	DdocdlXIHO8
Fearless & Far	Camping Next to an Angolan Waterfall	18 mil visualizações	a2HdBnVD3lE
Fearless & Far	Hanging Over the Falls at Devil’s Pool	14 mil visualizações	eVWTcoh3OUo
Fearless & Far	Los Roques: Snorkeling in Crystal-Clear Seas	49 mil visualizações	S08WE5xU9l8
Fearless & Far	Don't hate me, but I'm tired of travel content like this 🙄	11 mil visualizações	PEkJVBZZ4sE
Fearless & Far	Hunting With the Hadza Tribe in Tanzania	18 mil visualizações	sz09t5Wj1vc
Fearless & Far	Viral vs. real travel hacks for 2026 😉	19 mil visualizações	urp-hlZXFvU
Fearless & Far	The Peeing Tree landmark in Frankfurt	22 mil visualizações	p7VCmNS85ms
Fearless & Far	Soviet Artillery on the Coast	23 mil visualizações	HQyOjjSO7BM
Fearless & Far	Ditch your vision board 🗑️	3,9 mil visualizações	fihyhaUeTvQ
Fearless & Far	This Church Was Destroyed by a Volcano	17 mil visualizações	-CE-rCYpdOM
Fearless & Far	After traveling to 85 countries, here are my honest ratings 🌏	18 mil visualizações	ybf_JYj12RA
Fearless & Far	What I Learned Living Like Yanomami Tribe	20 mil visualizações	8ikV5rbcKdE
Sorelle Amore	Explorei a maior caverna do mundo no Vietnã (Son Doong)	6,6 mil visualizações	wfqB66BxNkc
Sorelle Amore	A GoPro VOLTOU?! Mission 1 Pro	43 mil visualizações	yVUT7A6GffM
Sorelle Amore	POV: You're one of the few people that will experience one of the new seven wonders of the world	16 mil visualizações	OmVxsNKQ7_o
Sorelle Amore	Life lately without trending audio 💛	30 mil visualizações	gTzcfpL9d-c
Sorelle Amore	A shocking transformation	20 mil visualizações	kzz2qhSQxzk
Sorelle Amore	Antídoto para arrependimentos no leito de morte #overlandexpedition #freehuman	7,9 mil visualizações	mHOk0ZXoHlc
Sorelle Amore	What is actually cool	15 mil visualizações	iWg8bJLVzSE
Sorelle Amore	Same (ish)	12 mil visualizações	SY95bJ8PuH0
Sorelle Amore	Cansado e farto: o pesadelo sem fim da construção do meu Toyota LandCruiser	18 mil visualizações	BhadtSa37OQ
Sorelle Amore	Cansado e farto: o pesadelo sem fim da construção do meu Toyota LandCruiser	37 mil visualizações	OFul7QkhkDE
Sorelle Amore	Aposentei-me aos 33 anos - uma atualização de 2 anos	9,7 mil visualizações	ZWWDeVbHhpQ
Sorelle Amore	Aposentei-me aos 33 anos - uma atualização de 2 anos	45 mil visualizações	nXYgwjpebZQ
Sorelle Amore	The changes I've made to my 4x4 Totoya Landcruiser 78 series  #troopy #overlanding #4x4	11 mil visualizações	_W0O1BFQlnE
Sorelle Amore	Olá, eu sou NEILA #troopy #overlanding #bespokeadventuretravel	8 mil visualizações	xW1UjzENsS0
Sorelle Amore	Como tudo começou com NEILA #4x4 #troopy #bespokeadventuretravel	17 mil visualizações	NppfESuXGgw
Sorelle Amore	POV: You go big on your 4x4 upgrades #troopy #4x4	7,8 mil visualizações	jCgmRs6CwmM
Sorelle Amore	Just a girl and her toy 🧸 #overlandingaustralia #aussieoutbackadventure #travel #troopy	6,6 mil visualizações	wUDoqRZacPI
Sorelle Amore	Vida em van e minimalismo para ganhar tempo 🕰️	12 mil visualizações	oMmPvi2dqQg
Sorelle Amore	I turned my 4x4 Troopy into a luxury 2-story tiny home	5,6 mil visualizações	dkTsA-EW2SA
Sorelle Amore	não venha para a Austrália...é muito perigoso	6,6 mil visualizações	LsnlgYg--sc
Sorelle Amore	Primeiras 48 horas vivendo em tempo integral no meu 4x4 Troopy 🚙	10 mil visualizações	WzkM-Je42fw
Sorelle Amore	City living isn't for me	21 mil visualizações	2DigpD1NzYs
