consulta	titulo	visualizacoes	videoId
Paris aesthetic travel short	Paris at night hits different... ✨🇫🇷 #shorts #paris #travel #aesthetic	12	gX3OY8HX6nc
Paris aesthetic travel short	My 20-Second Memory of Paris 🇫🇷✨ #travel #paris #france	270	BOzFlkm9ggc
Paris aesthetic travel short	Paris at Golden Hour | Eiffel Tower Sunset & Quiet Luxury Aesthetic	1000	V7iubngPD_M
Paris aesthetic travel short	#paris🇫🇷 #bonjour #eiffeltower #travel #aesthetic #shorts	2300	9k6xDqlQpc0
Paris aesthetic travel short	Do find Paris Aesthetic #Paris #Shorts #Travel #Trending #eiffeltower	430	E2f1GJGQ7UU
Paris aesthetic travel short	Paris: Beautiful, Romantic City #travel #paris #aesthetic #travelvlog #shorts	1900	th-fh4_RIRE
Paris aesthetic travel short	✨ 𝑺𝒖𝒏𝒔𝒆𝒕 𝒊𝒏 𝑷𝒂𝒓𝒊𝒔 🤍 #shorts #paris #eiffeltower #goldenhour #aesthetic #travel #sunset #cinemat	54	qmjH0_P5PoI
Paris aesthetic travel short	This Paris second was absolutely perfect #paris #aesthetic #shorts #travel	5800	k7_7COhw2zw
Paris aesthetic travel short	Lost in Paris | Aesthetic Travel Vibes ✨ #shorts	1700	Yh47b7VT_jk
Paris aesthetic travel short	Tu es très belle, Paris🥰 #paris #aesthetic #travel #cute #france #shorts #youtube #new #2025	1600	V7IVgFVIzOI
Paris aesthetic travel short	From Paris with LOVE ❤️ #paris #paristravel #parisaesthetic #paris2025  #travel  #shorts  #ytsh	2500	ZwGEXTqOObw
Paris aesthetic travel short	Aesthetic Paris Edit✨ #paris #indilalovestory #aesthetic #viral #edit	11000	c9BGZNQQ27U
Paris aesthetic travel short	Paris City Rain Aesthetic 🌧️ #france #paris #rain #travel	2600	SX10p4Ft1fw
Paris aesthetic travel short	Hot summer nights in Paris 🇫🇷✨ #shorts #travel #aesthetic	590	TkYRKz2Gkn0
Paris aesthetic travel short	Paris Aesthetic: Exploring Montmartre  #shorts #shortvideo #paris #travel #ytshorts #explore #v	54	NWYnI3b0ML0
Paris aesthetic travel short	i love travelling with music #music #paris #travel #shorts #aesthetic #parismood #parisphoto	877	piDBJ-n69wo
Paris aesthetic travel short	Aesthetic Paris #shorts #travel #love #aesthetic	514	0HGrwGaMoLI
Paris aesthetic travel short	Paris City Aesthetic #paris #travel #shorts	1500	oNRoMbXKetA
Paris aesthetic travel short	Someday, I’ll Be in Paris🗼🤍#paris #paristravel#parisdream#eiffeltower #traveldreams#dreamdestin	1100	dD73CvLX114
Paris aesthetic travel short	This Paris second was absolutely perfect #paris #aesthetic #shorts #travel	1200	KSu962F13Cg
Paris aesthetic travel short	Best View of Paris🗼🇫🇷 #pariswalk #pariswalkingtour #travel #france #paris #viralshorts	1000	uRDWWDFX3MU
Paris aesthetic travel short	Paris 🇫🇷 #music #beautiful #aesthetic #paris #like #love #subscribe #travel #shorts #vlog	2000	HByA_RxhQB4
Paris aesthetic travel short	paris (SUPER AESTHETIC) 🥖🇫🇷 #shorts #fashion #travel	110000	0cp2njBoLM0
Paris aesthetic travel short	Sunset in Paris🇫🇷 #travel #paris #france #eiffeltower	1200000	VLpo8wz2vAU
Paris aesthetic travel short	Paris aesthetic🇫🇷#shortsyoutube #shorts #paris #parisvibes #aesthetic #travel #travelvlog #euro	316	BkkhIFV73Rc
Lisbon aesthetic short travel	Lisbon hits different at sunset.✨ #Lisbon #Portugal #TravelVibes #Aesthetic #GlobalVibe #Shorts	696	1om4fOEHdDI
Lisbon aesthetic short travel	Golden Hour in Lisbon ✨Rooftop Views 🌅  #lisbon #portugal #travel #shorts #aesthetic #sunset	191	SagdxlByqkE
Lisbon aesthetic short travel	Best of Lisbon Compilation! #portugal #shorts #reels #travel #taylorswift #art	420	cB86GVMEyZc
Lisbon aesthetic short travel	Our First Day in Lisbon, Portugal 🇵🇹 | First Trip to Europe	825	Asv_56rm-Mc
Lisbon aesthetic short travel	April in Lisbon	1700	nhg85HaA9kI
Lisbon aesthetic short travel	Summer in Portugal lisbon #aesthetic #cinematic #europe #vlogs #europe #eurosummer #portugal #l	210	-cu54Cwi3xY
Lisbon aesthetic short travel	Lisbon feels like a memory you haven't made yet. 🌇🇵🇹	1200	MnjvNOlcsRY
Lisbon aesthetic short travel	Lisbon timeless streets and soft city light #shorts #lisbon #portugal #travel#art	391	g10TKNaA5-c
Lisbon aesthetic short travel	The Beauty of Lisbon, Portugal	193	zj9At_bbk7E
Lisbon aesthetic short travel	10 best things to do in Lisbon #lisbon #portugaltravel places to visit in Lisbon.Lisbon travel 	261000	7mdlS2TzkfY
Lisbon aesthetic short travel	mentally in Lisbon, Portugal #travel #travelwithtarry #beach #summer #lisbon #lisbonvibes #shor	493	r6gL6QSTDpY
Lisbon aesthetic short travel	The best of Lisbon, Portugal in 20 seconds 🇵🇹✨ #shorts	354	cGoYuR5R5n8
Lisbon aesthetic short travel	Iconic Lisbon Tram on Steep Cobblestone Street	1500	aKuQ9m0FTlE
Lisbon aesthetic short travel	Lisbon, Portugal [Soultrip✨]	517	nGpWmCQ5oYo
Lisbon aesthetic short travel	Portugal Aesthetic | #shorts #viral #portugal #lisbon #adventure #journey #travel #life #lifest	193	gaJzfE-sCs8
Lisbon aesthetic short travel	Summer in Lisbon Vibes ✨ | Aesthetic Travel Short #summer #expatlife #travel #lifeabroad  #beac	254	W9PVPCWKsrE
Lisbon aesthetic short travel	Sunset Tram Vibes in Lisbon 🚋🌇	115	9IJly9aONTQ
Lisbon aesthetic short travel	Lisbon Portugal 🇵🇹 #summer  #travel  #portugal	3900	fQKVd5zJlMM
Lisbon aesthetic short travel	your sign to visit lisbon this fall😍 #lisbon #travellisbon #lisboa #hotspotlissabon #lisbonport	210	PUaWV0dYn3k
Lisbon aesthetic short travel	aesthetic street in Lisbon Portugal #shorts #travel #explore #portugal	178	RBLzA_VSXt0
Lisbon aesthetic short travel	Lisbon Travel Vlog 🇵🇹 | Cinematic Solo Trip in Portugal (Why I Fell in Love)	1000	H7jEBjUX5WU
Lisbon aesthetic short travel	Lisbon #aesthetic #europe #travelling #landscape	521	asbPml_6hY0
Lisbon aesthetic short travel	The art of street noticing in Lisbon #travel #shorts	122	xT1jt8akMUI
Lisbon aesthetic short travel	A quick getaway from Lisboa to charming Cascais #portugal #youtubeshorts #fyp #aesthetic #casca	330	xtKCWVeg2q8
Lisbon aesthetic short travel	Lisbon's Colorful Streets Will Blow Your Mind #portugal #aesthetic #lisbon	52	BdHWO4Km9uc
Barcelona vibes short	Barcelona in 10 Seconds — Feel the Vibe 🇪🇸 #spain #travel #shorts	459	t7ePpG0TpJs
Barcelona vibes short	Barcelona in 37 Seconds - Streets, Architecture & City Vibes | Spain Travel Short #5	1300	gEyQp44wAx8
Barcelona vibes short	Barcelona vibes❤️‍🩹 #badbunny #dtmf #shorts	2700	hoC_-JbZLYw
Barcelona vibes short	A Cinematic Day in Spain 🇪🇸 | Barcelona Vibes ✨ #Shorts	1600	h8cecqIIAFE
Barcelona vibes short	Barcelona Vibes Hits Different 😍 #Barcelona #Spain #TravelShorts #Europe #travel #shorts #india	569	l61jjs-HLkU
Barcelona vibes short	🌊 Barcelona Beach 🇪🇸 | Beautiful Barcelona Vibes #shorts	664	O-2JvKo7fbI
Barcelona vibes short	Barcelona Street Vibes #shorts #spain #barcelona #nature #travelshorts #travel	1000	1_D3ao7DzAg
Barcelona vibes short	Barcelona vibes🏜️#shortvideo #shorts #barcelona #aesthetic #travel #travelvlog #vibes #globeody	197	T51JwyFlb0k
Barcelona vibes short	Barcelona 🇪🇸🇪🇸🇪🇸Walking Through City Vibes #Shorts #spain #barcelona #travel #europe	299	an0iQpYmycc
Barcelona vibes short	Barcelona, Spain 🇪🇸 – Blue water and true Mediterranean vibes.#shorts #youtubeshorts	279	zmiJavHwQHo
Barcelona vibes short	Barcelona vibes #nature #4knature #birdsong #relax #travel #shorts #barcelona	1400	e1LR8YzajqU
Barcelona vibes short	Barcelona Vibes Shorts #barcelona #relaxing #travelvlog #nature  #4kwalk #trending #shortvideo	581	YO1k7GVuvuE
Barcelona vibes short	Walking in Barcelona Streets ✨Spain Vibe#shorts#pakistan#barcelona #travel #viral #fyp	1200	-Y5Hy4kVzh0
Barcelona vibes short	Barcelona vibes #shake #fyp #shorts #short #travel	335	sMBHRGDvhxM
Barcelona vibes short	Barcelona vibes 🇪🇸🇪🇸 #new #vlog #video #spain #barcelona #shorts #viralshorts	836	OgxYmqwhAKw
Barcelona vibes short	Love Barcelona’s vibe ☀️✨ #shortsfeed #travel #barcelona #spain #shorts #europetravel #wanderlu	267	Zz6xtPw-wwc
Barcelona vibes short	Barcelona Vibes in Photos 🇪🇸 #barcelona #spain #travel #europe #shorts #city #photos #vibes	252	SOJ5B8Ht18U
Barcelona vibes short	BarcelonaVibes✨🇪🇸 #Barcelona #Spain #TravelShorts #Shorts #VisitBarcelona #FCBarcelona #TravelV	1300	IZNZkALE87A
Barcelona vibes short	Beautiful People & Sea View 🌊✨ | Barcelona Vibes #Shorts	1700	148qXPkOOSo
Barcelona vibes short	Street music at Barcelona Cathedral 🎶 Gothic Quarter vibes #shorts	1100	-o4M94MFEmQ
Barcelona vibes short	🇪🇸Europe Series | Ep. 5 - Barcelona Vibes🌊 #barcelona #shorts	174	dQjwVNitwDA
Barcelona vibes short	Night Vibes on Barcelona Beach 🇪🇸✨ Subscribe for more! #shorts	900	pg4a_X0J-YQ
Barcelona vibes short	Barcelona vibes #Shorts	5100	AxNNoCIi-jA
Barcelona vibes short	Park Güell Barcelona 🇪🇸✨ #shorts	192	caw3M8h6P9M
Barcelona vibes short	Barcelona, Spain 🇪🇸✨ #barcelona #travel #music	86	QRl13GREPBA
Rome sunset cinematic short	Sunset in Rome, Italy 🇮🇹	1400	wyFmAf3w0ck
Rome sunset cinematic short	Rome at sunset feels like poetry alive #italia #italy #rome #shorts #zahidsvoyage	373	vN2vZUehpf8
Rome sunset cinematic short	When Rome Begins to Glow at Sunset | #ancientrome #rome #history #sunset #rooftop	259	YQYqkhMeook
Rome sunset cinematic short	Rome at Sunset Feels Different 🌅 | Relaxing Cinematic Shorts	1800	ImYJINEM9X4
Rome sunset cinematic short	Rome at Sunset 🇮🇹 | The Eternal City Like You’ve Never Seen It | 4K	545	xPzXKtatToQ
Rome sunset cinematic short	Rooftop sunsets in Rome 🌅 😱 #rome #sunsets #shorts #travel #sunset #rooftopbar	562	7jibYJx5onY
Rome sunset cinematic short	Sunset View of St  Peter's Basilica in Rome  Golden Hour at the Vatican #Rome #VaticanCity #sho	60	-RJO3_iaw1E
Rome sunset cinematic short	Colosseum at Sunset 🌅 Rome Golden Hour 🇮🇹	14	XaouOwWsAH0
Rome sunset cinematic short	Golden Sunset at the Colosseum | Rome’s Timeless Beauty ✨#Colosseum#Rome#Italy #travel #4k#shor	43	dGCN_0_dvzk
Rome sunset cinematic short	Sunset in Rome 🌆 #sunset #rome #italy	493	RqEqaMS7Bik
Rome sunset cinematic short	Rome Sunset Magic: The Most Beautiful City in the World 🌅🇮🇹 #lovesitaly #italytravel #shorts	1100	bRLUE9ryz5I
Rome sunset cinematic short	Rome in 60 Seconds 🇮🇹✨ The Eternal City at Sunset & Night | Cinematic Travel Short	7100	CwZ9b3CgAjA
Rome sunset cinematic short	The Magic of Rome at Sunset ✨	1100	FieRsAgSgII
Rome sunset cinematic short	Sunset in Rome, Italy 🇮🇹 #travel #video #romecity #italy #sunset #shorts	590	xu10Xoy8KFo
Rome sunset cinematic short	Golden Rome Sunset 🌇 | Spanish Steps Magic 🇮🇹 | Evening Vibes in Italy #Shorts	1300	b7fXIxlNmqU
Rome sunset cinematic short	Best Sunset Spots in Rome, Italy #shorts #rome #italy	1700	_SnDgjAyU1Q
Rome sunset cinematic short	Rome at Sunset: The Eternal City's Magic 🇮🇹✨ #travel #italy #rome	671	k60thZ5XZbg
Rome sunset cinematic short	Sunset in Rome 🇮🇹#italy #italia #sunset #shorts	443	fpyxKf3sZgU
Rome sunset cinematic short	Colosseum at Sunset 🌅Rome’s Golden Hour Magic 🇮🇹✨ #Shorts	213	yTk3v8ej6ag
Rome sunset cinematic short	Vatican Sunset Made Everyone Dance! Rome Italy 🇻🇦	515	DQS6YDwwzBs
Rome sunset cinematic short	When in Rome | Travel | Collection of memories	32	9ssMMCDrHyQ
Rome sunset cinematic short	Sunset Magic at the Colosseum 🌇 | Rome’s Golden Hour #shorts #famousshorts #subscribe	337	lUj_6NeDcpo
Rome sunset cinematic short	Average day in Rome ✨| what a basic edit, might delete again | #rome #city #sunset #aesthetic #	1100	pshMZ5QxkPQ
Rome sunset cinematic short	Evening walk chasing sunset in Rome  #travel #trending #rome #sunset #african #romantic	1000	q4Q8t8r1z4k
Rome sunset cinematic short	Sunset, music, and Rome at its best 🌅🇮🇹  This is what Earth Day feels like ✨#shorts	329	j6LTDoi00m4
Amsterdam canals morning short	Amsterdam Canal Cruise: Discover the Heart of the Venice of the North 🚤✨ #amsterdam #canalcruis	12000	GMmPV_3GHW0
Amsterdam canals morning short	Good morning Amsterdam. #amsterdam #canal #europe #shorts #vacation #sunrise #banksmansionhotel	1900	vp2Jbjw2kfM
Amsterdam canals morning short	Spring mornings in Amsterdam 🇳🇱 🌷    #amsterdam #travel #spring #shorts	364	bq5WQOQN718
Amsterdam canals morning short	Canals of Amsterdam in the morning #amsterdam #netherlands #shorts	71	R2vVj8_xEG0
Amsterdam canals morning short	Amsterdam canals in the morning❤️ #shorts #viral	37	OqsQDN6q1Oo
Amsterdam canals morning short	Have you seen the canals like this? 🇳🇱✨ | Peaceful Morning in Utrecht #shorts	2300	SvpR_87XG-Q
Amsterdam canals morning short	A morning ride through Amsterdam canals is truly blissful 💖#shorts #short	45	DIOrv3VxPSo
Amsterdam canals morning short	Amsterdam mornings look like this 🇳🇱	1200	SWNC9WMuPdM
Amsterdam canals morning short	Amsterdam Canals #amsterdamcanals #amsterdam #netherlands #erikasphere	1200	T7cgNkKZyoc
Amsterdam canals morning short	Amsterdam Canal in the morning. #amsterdam #canal #boat	520	dr-61h2b6t4
Amsterdam canals morning short	😍Amsterdam🚣🚢 Canal cruise boat tour #shorts#amsterdamcanals #amsterdam #short  #travel #nature	10000	TlG1WrBBaug
Amsterdam canals morning short	Early morning swim in Amsterdam, Netherlands 🇳🇱 #netherlands #amsterdam #shorts	242	-nKb00VbhaM
Amsterdam canals morning short	Summer morning in Amsterdam	325	iA1xzj4U8Nw
Amsterdam canals morning short	Morning View from Amsterdam Canal at 7am	107	EdHFyDvXTgI
Amsterdam canals morning short	A quiet canal morning~	76	W3Ct9K0GIog
Amsterdam canals morning short	Beautiful Historic Canal Houses in Amsterdam During a Morning Drizzle ☔🇳🇱 #Shorts	1500	JLpUqYK9GSk
Amsterdam canals morning short	Early Morning Amsterdam #short #shorts #travelvlog	361	60wdfQbmjVs
Amsterdam canals morning short	Amsterdam Canal Jazz - Morning #shorts	64	yaaPu-NTzyk
Amsterdam canals morning short	Magical morning at the Amsterdam canals	1100	J74StdZSBI4
Amsterdam canals morning short	The rainy Amsterdam morning you need to see! 🌧️ #amsterdam #shorts	532	zi3pTFfXq3g
Amsterdam canals morning short	Mornings 🌅 in Amsterdam are wonderful!	560	3GmfG4c7_3M
Amsterdam canals morning short	A #rainy #morningroutine in #amsterdam #netherlands #travel #short #youtubeshorts #shorts #cana	352	SJzo9y40pVo
Amsterdam canals morning short	Mazhaiyil Amsterdam ☔🇳🇱 | Ippadi Oru Morning Paathurukeengala? #Shorts	676	X-GRjwkhH8M
Amsterdam canals morning short	Early morning in Amsterdam walking around the canals. I love this city.	2600	6O7taUy2qDc
Amsterdam canals morning short	Canais de Amsterdã #shorts	267	-xkz6LcSftg
Madrid walking POV short	Caminhando em Madri, Espanha 🇪🇸 #madri #espanha #shorts	592	83LOBlTpHBc
Madrid walking POV short	🇪🇸 Madrid, Spain 4k Ultra HD walking tour #shorts	437	qxLVeKEm81I
Madrid walking POV short	Walking tour in the streets of Madrid Spain 🇪🇸	13000	69vQhpBERyQ
Madrid walking POV short	#Shorts Paseo del Prado #madrid #spain	1100	GszR4-_n_6Y
Madrid walking POV short	📍MADRID 🇪🇦 Spain’s Beautiful Capital City Walking Tour #travel #citytour #europe	6000	z5PJoNRcQ8o
Madrid walking POV short	#Shorts Madrid | Plaza Mayor #madrid #spain	3800	u2UZpYrEjCE
Madrid walking POV short	Walking the Streets of Madrid, Spain 🇪🇸 | Street Photography	447	isa5_MpM06w
Madrid walking POV short	Walking in Madrid	607	wqg1ZCGTvHo
Madrid walking POV short	🇪🇸 MADRID Gran Vía Walk 🏙 Europe's Most Charming Capital City #spain #4k #citytour #travel	456000	kN6bRaIeV90
Madrid walking POV short	🇪🇸 Madrid Walking Tour | From Gran Vía to Plaza Mayor – Royal Madrid  | Real Street Sounds: #00	47	BvOiFhES4DE
Madrid walking POV short	Madrid Street Style: Strolling Through Spain 💃	9	-ejNkXJ61Ho
Madrid walking POV short	#Shorts Madrid #madrid #spain	5700	kLnfdSMS_k0
Madrid walking POV short	Madrid ❤️🇪🇸 Dia 48 da Europa🇪🇺 #viagem #viral #vistas #europa #cultura #tendências #amor #uau	112	C7t-LU10vH8
Madrid walking POV short	🇪🇦 Once, walking along the streets in the center of Madrid, #Spain #once #travel #tiktok	1600	0Rzr4VbHi-g
Madrid walking POV short	🌇 When dusk slowly settles over central Madrid	969	ZnAXo2A7scs
Europe cinematic short city walk	#europe #cinematic #prague #travel #shorts   .Walking through a city that feels like a movie. 🎬	169	s04VtQb1So4
Europe cinematic short city walk	I Didn’t Know Vienna Was Like THIS!	556	s1iaFB-L01s
Europe cinematic short city walk	Just a normal day walking around Vienna… 🇦🇹❤️#ytshorts #shorts #europe	1000	rwtyq_lLalI
Europe cinematic short city walk	Frankfurt Germany 🇩🇪 | Beautiful City Walk & Amazing Skyline #shortvideo #short #frankfurt #tra	849	RWs6ktAbzPY
Europe cinematic short city walk	London Aesthetic A View You’ll Want to Remember ✨ #shorts #london #foryou #explore #aesthetic	49	MiAL98HRSoE
Europe cinematic short city walk	🤯 Vienna, Austria 🇦🇹 | A City of Timeless Beauty ✨ #shorts #vienna #austria #travel	1000	ip0FvbNpRAc
Europe cinematic short city walk	Frankfurt, Germany 🇩🇪 4K Short Walk – Feel the Pulse of Europe	21000	_4Rp4s3q1yg
Europe cinematic short city walk	Dublin street #ireland #travel #street #walk #shorts #drop a subscription for ireland❤️	260000	g-8k4O1FHBw
Europe cinematic short city walk	Tianjin's night streets look like a movie set 🎬 | 4K #Short #walkingtour  #4k	224	D2hCxLN13oQ
Europe cinematic short city walk	Hidden Passages and Quiet Streets in Leipzig	562	y3qxRYoVb6U
Europe cinematic short city walk	POV: Walking through this European dream 💭 #europe #walk #aesthetic	1200	IQf12NS_qrU
Europe cinematic short city walk	Annecy Walking Tour 4K – The Venice of the French Alps	507	Rw-u68p0PJ4
Europe cinematic short city walk	POV: You skipped London and found THIS in Germany  #visitmunich #europetravel #cityreels #trave	1100	xtolYjpLvjo
Europe cinematic short city walk	This Is What Germany Looks Like 🇩🇪	936	ViXrVHlNgJQ
Europe cinematic short city walk	Beautiful City View 🏙️🌳🇦🇹	20	HQk_Z390qck
Europe cinematic short city walk	Walking The Streets of Rome 🇮🇹 Italy Walking Tour	26000	2IXTgo7tvIQ
Europe cinematic short city walk	London edit | London city | London walk | London city Tour | london aesthetic video #london	146000	Tx6bI1rAjXU
Europe cinematic short city walk	Beautiful Evening In Padova, Italy! Street View & Roundabout Near Hotel Al Cason | Italian Vibe	1100	zwUU08ksWpI
Europe cinematic short city walk	POV: Suas caminhadas noturnas em Amsterdã parecem uma cena da Netflix #shorts	921	uy8oVR_A6mE
Europe cinematic short city walk	🇩🇪 Discover Berlin in just 10 seconds! ✨ #berlin #europe  #germany #travel #tourism #travelvlog	137	1XrWKVzOcKg
Europe cinematic short city walk	Lost in the City: An Atmospheric Urban Journey #trending #viral #shorts feed	45	8k-TyJ4Cutw
Europe cinematic short city walk	Berlim, Alemanha 🇩🇪 por Drone 4K #shorts #trending #viral	12000	cbzy1Ft2P3I
Europe cinematic short city walk	4K Times Square NYC Walking Tour 🇺🇸🗽 | POV City Walk #Shorts	2	4GKFHXWSJ-c
Europe cinematic short city walk	This Real-Life Fairy Tale City is INSANE! 🇧🇪✨ #shorts #travel	134	lb_HbFjpw28
Europe cinematic short city walk	Germany Looks Like a Dream! 😍 | Beautiful Streets & City Vibes | Mini Vlog	4	unNUB6Iktxg
Lisboa viagem short bonito	Lisboa Portugal ✈️✅ Lisbon #turismo # #travel shorts #lisboa #lisbon #viagem #reels	881	5OKD1u78Q1o
Lisboa viagem short bonito	Você precisa conhecer!🇵🇹 #lisboa #portugal #travel	396	HUZqLKljgjA
Lisboa viagem short bonito	Descubra Lisboa: A Joia de Portugal! #shorts	345	bxlKvVnAwuQ
Lisboa viagem short bonito	pontos turísticos Lisboa #lisboa #shorts#portugal#lisbon#brasileirosemportugal#short#viral#viag	410	TH7OMLiYeS0
Lisboa viagem short bonito	Lisboa Portugal | Walking Tour Lisbon	29000	dV_3ZkL08sc
Lisboa viagem short bonito	nosso lindo portugal❤️🇵🇹short#ytshorts#youtube#visitlisboa #lisbonportugal #europeantravel#port	769	Qf-Ya0yykhM
Lisboa viagem short bonito	10 Lugares imperdíveis para visitar em Lisboa	12000	ry5v1A-gfDw
Lisboa viagem short bonito	Maat em Lisboa com Vista Incrível para o Rio Tejo! #shorts	930	VTF-kaPNnL0
Lisboa viagem short bonito	Praias fluviais em Lisboa! #shorts #portugal #lisboa	747	3e3Pz6fFXMQ
Lisboa viagem short bonito	Praça do Comércio | Lisboa, Portugal | Explore With Abu | #Shorts	413	pwf0DH9i3pg
Lisboa viagem short bonito	Lisboa 🇵🇹 #shorts	435	WShN4_MOqiE
Lisboa viagem short bonito	📍Lisboa 🇵🇹-Ponte 25 de Abril e Cristo Rei #lisboa #lisbon #portugal #dji #foryou	12000	ngleuBycPbk
Lisboa viagem short bonito	Esse Lugar é Lindo!!! ❤️🤗 #lisboa #portugal #shorts	74	OprarXS0nIE
Lisboa viagem short bonito	sobrevoando Lisboa Portugal #viagem #Europa #portugal	1100	XnrdiOnJvDQ
Lisboa viagem short bonito	Lisboa Top!	513	8NihbqwysYY
Lisboa viagem short bonito	Lisboa em Portugal é lindo pela manhã 🇵🇹 #portugal #shorts #airplane	443	FKCdYFsks5k
Lisboa viagem short bonito	Roteiro perfeito em Lisboa gastando pouco #lisboa #portugal #eurotrip #europa #viagem #turismo	138000	D678_7rwWq4
Lisboa viagem short bonito	LISBOA   PORTUGAL #SHORTS	1600	1_NrLR0Es0g
Lisboa viagem short bonito	Venha fazer um tour privado por Nazaré, Fatima e Óbidos com a bem vindo a Lisboa #travel #turis	71	JFQKL6NSEPw
Lisboa viagem short bonito	Até breve, Lisboa! Já tem video com várias dicas! 🇵🇹 #lisboa #portugal #travel #viagem #roteiro	694	IpBwgwhUDV0
Lisboa viagem short bonito	🇵🇹 Lisboa, roteiro com tudo que você não pode deixar de fazer. Tem que ir! #lisboa #portugal	46000	1UT0O3PZ1dU
Lisboa viagem short bonito	Você conhece esse cantinho de Lisboa? 😍🇵🇹 #portugal	996	3ZxBLEUyvmI
Lisboa viagem short bonito	Dá pra conhecer Lisboa em 1 dia? Olha só esse roteiro! #portugal	7200	7dRj-HeooWI
Lisboa viagem short bonito	#Shorts 12 coisas pra fazer em Lisboa - #Portugal #Eurotrip	1200	5jmgNwX1vI0
Lisboa viagem short bonito	🗺️ROTEIRO DE 5 DIAS POR LISBOA E REGIÃO - PORTUGAL	11000	YH8tpXL9cC4
Bruges Belgium short	A Must Do in Bruges, Belgium #travel	236	hNqLgqpGDoA
Bruges Belgium short	Bruges, Belgium 🇧🇪 Beautiful 😍	53000	_q7Vm8W3HuQ
Bruges Belgium short	A MUST-DO in Bruges, Belgium: take a guided boat tour of the canals #bruges #belgium #europeant	203000	FOL5GK05GCk
Bruges Belgium short	Bruges, Belgium: Discover the Fairytale City!✨ #shorts #belgium	5200	YM8RfAUB7IE
Bruges Belgium short	Bruges 🇧🇪 | One of the Most Beautiful Cities in Belgium #Shorts	157	0ZhqFy-sUWc
Bruges Belgium short	Historic Bruges A medieval Beautiful City In Belgium #shorts	5400	dHZ_lXmXnE8
Bruges Belgium short	📍Bruges, Belgium 🇧🇪 #shorts #belgium #bruges	1300	sl_vF6siBNQ
Bruges Belgium short	Bruges, Belgium 🇧🇪#shorts #bruges	1300	kFNM60NvXZ8
Bruges Belgium short	Brussels, Bruges & Ghent Day trip- Belgium  #brussels	115000	JGRCOJnCArQ
Bruges Belgium short	A tiny short street in Bruges, Belgium #bruges #brugesvibes	3100	pbedahVKUuY
Bruges Belgium short	a day in 15 seconds in bruges, belgium 🇧🇪 .. #short #travel #europe #belgium	1300	yRl2ohYtmDk
Bruges Belgium short	Scenic Travels Through Bruges, Belgium #shorts #short #shortsfeed #belgium	294	wv60KDW2veY
Bruges Belgium short	Belfry of Bruges #travelvlog #europe #belgium #travel #subscriber #shorts #bruges #summer #shor	330	x8JwKZye1I0
Bruges Belgium short	Why Bruges Is Belgium’s Most Beautiful City ✨ #shorts #europe	711	M179i4pjIBw
Bruges Belgium short	Bruges, minha cidade favorita na Bélgica	125000	skgJItgjBQw
Bruges Belgium short	I’ll post new vlog from Brussels and Bruges soon 🥰🫶🌸 #bruges #belgium #travel	447	BEPwIvfEsRY
Bruges Belgium short	"Stop Going To Paris... Go HERE Instead! 🇧🇪"#bruges #travel#architecture #europe #youtubeshorts	733	nO3yAjUfRc0
Bruges Belgium short	Beautiful Canal Boats in Bruges, Belgium 🇧🇪 | #shorts  #europe	115	omiUKmUmAk8
Bruges Belgium short	Bruges, Belgium – Medieval Magic, Canals & Sweet Surprises! 🇧🇪  #belgium  #travel #europe  #bru	13000	mFwOxcAtXlY
Bruges Belgium short	Top 5 things to do in Bruges #bruges #belgium #shorts #short #viralvideo #top5 #inbruges #bruss	444	5KY1aFYpDYQ
Bruges Belgium short	quick day trip to Bruges #belgium #bruges #belgiumtourism #travelvlog	153	lHJB_jSlRk8
Bruges Belgium short	The View from The Belfry Tower in Bruges, Belgium #shorts	1600	aL7URiiMi1M
Bruges Belgium short	Bruges, Belgium #shorts #belgium #bruges #brugge	143	9tc-g-DrGRI
Bruges Belgium short	Bruges, Belgium 🇧🇪 #shorts #travel #belgium #vlog #kesariya	922	dZWEueK9SwA
Bruges Belgium short	Bruges, Belgium short 60 sec clip | #scenicplanet #shortvideo #short #shorts #bruges #belgium	155	15F4UoYcUH0
Barcelona travel short	I’m not in Pain, I’m in Spain 🇪🇸 | Barcelona Travel #shorts	1100	I3mfyfDjXlU
Barcelona travel short	Barcelona in 30 Seconds #travelshorts #airtravel#barcelona #traveltips	446	seWDk2gUrXk
Barcelona travel short	🇪🇸 10 best things to do in Barcelona 🇪🇸 #barcelona Places to visit in Barcelona #barcelonatrave	463000	804eWmM-hm8
Barcelona travel short	As 15 melhores coisas para fazer em Barcelona #barcelona #atraçõesdebarcelona	698000	THbl4jWlIig
Barcelona travel short	Basilica of the Sagrada Familia. #shorts #spain #barcelona  #travel #shortsfeed	934	igS8swaUlyQ
Barcelona travel short	#barcelona #spain #visitspain #barcelonatour #shorts #travel	150000	Ez5yAL3r_wo
Barcelona travel short	12 coisas para fazer em Barcelona 🇪🇸	169000	Xc5q8pXlvxQ
Barcelona travel short	Barcelona Is Absolutely Beautiful 🇪🇸😍 | Spain Travel #Shorts #Barcelona #BarcelonaSpain	228	p5WIe3vsVbY
Barcelona travel short	Barcelona in December is so special! ✨ #barcelonacity #spain #christmasbarcelona #travel #barce	479000	BZWqZ5ZT2JI
Barcelona travel short	📍City Centre - Barcelona, Spain #barcelona #spain #travel #travelshorts #citycentre	120	lV_tTDbhdhg
Barcelona travel short	Barcelona is BEAUTIFUL 😭 #viral #youtube #shorts #travel #messi #fyp #spain #barcelona	1600	7I0ePK_yfS0
Barcelona travel short	Top 5 Best Places To Visit in Barcelona 🇪🇸 #visitbarcelona #barcelona	230000	C9YBtGQXePU
Barcelona travel short	Hike Here for the Ultimate Barcelona View 🏰🔥	200	8j9-qoRiJDo
Barcelona travel short	Sagrada Familia Sunrise — Barcelona in 10 Seconds | Beautiful World	432	-hw5B_PaasE
Barcelona travel short	Costa Brava: Exploring Barcelona's Coastal Gem 🌊🏖️	100000	mNjsAU8a2tE
Barcelona travel short	Barcelona, Spain 🇪🇸 | Vibrant City of Gaudí & Mediterranean Magic	840000	6ucj-3ZvgLU
Barcelona travel short	Travel #shorts #barcelona #spain #beautifuldestinations #shortsyoutube	842	TqCYQ2Q2W5k
Barcelona travel short	Barcelona Players Travelling on a Plane 2.0 ✈️🔥 | Barca Squad Travel Moments #football #shorts	95000	OZt9Gc2wj9o
Barcelona travel short	Visit Barcelona, Spain #travel #shorts #barcelona	2900	NiABbPYxSLs
Barcelona travel short	Barcelona Travel Guide 🇪🇸 | Everything You Need to Know Before You Go	18	IL3VXO7h11s
Barcelona travel short	Barcelona Day Trips - Top 5 places to explore! #spain #barcelona #tour #topplaces #spaintravel 	6800	ZUAHLJm51uY
Barcelona travel short	Itinerary for 3 days in Barcelona #barcelonaspain #traveltips #barcelonacity #barcelona #spain	324000	jpWx0eHP6po
Barcelona travel short	BEST SUNSET SPOT in BARCELONA!! 😱🫢😳 #shorts #travel #holiday	2900	FZ8reonI4fs
Paris travel short	7 Things You Didn't Know About Paris #shorts  #foodtour #travel #travelguide #paris  #france	14	ZrUx0amMEPc
Paris travel short	✨ PARIS FRANCE 🇫🇷 | Beautiful Paris All Views & City Life | #Shorts #music #travel #paris #mypa	404	6v46qofYqKM
Paris travel short	PARIS, FRANCE by Drone - 4K Video Ultra HD [HDR]	240000	wM1R6Watk6I
Paris travel short	10 Must Visit Places to Visit in Paris | Paris Places | Paris Vlog | Paris Guide	745000	_gIljISgm_k
Paris travel short	Paris 🇫🇷 #travelshorts #viral #vlog #paris #europetravel #eiffeltower #trending #lifeisbutadrea	1200	5F_JWx5pk5U
Paris travel short	#parisdiaries #paris #france #french #eu #europe #travel #shorts #short #viral #2026 #eiffeltow	14000	lXrRoVK_XIA
Paris travel short	📍Paris Feels Different 🇫🇷 | Real Street Walk Short #parisWalking #parisTravel	15000	RbYjr_WYDLw
Paris travel short	✨ The Beauty of Paris 🇫🇷 | Eiffel Tower at Night #Paris #EiffelTower #ParisTravel #France #Trav	534	VE4091sTo4g
Paris travel short	O Melhor de Paris #paris #viagem #amor #curtas #tendência #vídeocurto #viral #vídeocurto	3400	YcwM0WUFEUo
Paris travel short	5 things to do in Paris, France 🇫🇷	2800000	8S_hq3Hojuk
Paris travel short	Top 5 places to visit in Paris 🇫🇷 #paris #placestovisit	1600000	VqBRHig7bR4
Paris travel short	POV: golden hour on a Paris street in autumn 🍁👣 #paris #shorts #parisambience #eiffeltower	68	g8FqwhgOqow
Paris travel short	The Magnificent Palace of Versailles 🇫🇷✨	1600	m9O6rKCelHM
Paris travel short	✨ PARIS FRANCE 🇫🇷 | Beautiful Paris All Views & City Life | #Shorts #music #paris #myparis #par	586	J-_NqpkfkhU
Paris travel short	A Magical Walk Through Montmartre, Paris 🇫🇷✨ | Sacré-Cœur #shorts #paris #montmartre #france #t	1100	J_fSRvVQR2U
Paris travel short	DICAS DE VIAGEM PARA PARIS PARA INICIANTES ✨😍🇫🇷 #paris #paristravel #dicasdeviagem	428000	j2aJu7Rt2QY
Paris travel short	É por isso que todos amam Paris 🇫🇷✨ #shorts #paris #viagem #frança #vídeocurto	2700	NzN7IB6KpzA
Paris travel short	A Parisian icon 🇫🇷⛪✨#travel #viral #trending #shorts #europe #france #love #wow #cute #bus #chu	455	P1yWw9h_dx4
Paris travel short	Saiba estas coisas antes de ir para PARIS, FRANÇA 🇫🇷 #paris #viagememparis #guiadeviagememparis	303000	-LMFYM5QJJ8
Paris travel short	Fui a Paris e minha câmera ficou doida! 😂📸 #Shorts	1000	rT0assTN_XM
Paris travel short	Viaje comigo para um fim de semana em Paris #shorts	240000	z1q0yb0xrhw
Paris travel short	Day 3 in PARIS 🇫🇷✨ #paris #france #arcdetriomphe #paristravel #NaveenaExplores	470	cqB7Is4J6Ps
Lisbon travel short	🇵🇹 9 lugares incríveis em Lisboa! | Guia de Viagem de Lisboa	87000	kzhv9reX0AE
Lisbon travel short	7 places you must visit in Lisbon Portugal 🇵🇹	393000	YqDNVX2kIA8
Lisbon travel short	Lisbon Feels Like a Movie 🇵🇹☀️ | Exploring Portugal’s Capital #Shorts	361	Kkmb1XfhYxo
Lisbon travel short	Lisboa 🇵🇹 #portugal #lisbon #25deabril #drone #fyp #foryou #portugaltravel #dji #droneportugal	55	qpYTWkQfgJc
Lisbon travel short	Lisbon: Portugal’s magical capital city. #travel #vacation #shorts #portugal #explore	22000	Cx5P1c0leu4
Lisbon travel short	Brasil? ❌ Portugal! #portugal #lisboa #viagem #shorts	318000	xEmOrCCgEGw
Lisbon travel short	4K Walking in Alfama Lisbon Portugal#alfama #lisbon #portugal #lisbonportugal #shorts #youtubes	426	_WGCdn40GzE
Lisbon travel short	Sintra: A Cidade de Conto de Fadas Perto de Lisboa	432	xztqka3bLqw
Lisbon travel short	Lisbon, Portugal 🇵🇹 — A City Full of Color & Life ✨ | Digidi	462	0_q8VJ-ysAQ
Lisbon travel short	Is Lisbon the most beautiful city in Europe? #lisbon #portugal #europe	657000	iRRZliYBgMc
Lisbon travel short	welcome to Lisbon  #travel #shorts #viral #millionviews	292	r4jQpMleFbw
Lisbon travel short	🚋 Exploring Lisbon: Trams, Tarts, and City Views	1200	YT6_UsHvBpI
Lisbon travel short	Nothing but Good Vibes in Lisbon! 🇵🇹	338	vMjInKAh-H4
Lisbon travel short	Walking in Lisbon Street Portugal #lisbon #portugal #lisbonportugal #shorts #youtubeshorts #vir	245	8OZGSFv0kis
Lisbon travel short	Guia definitivo de 20 coisas para fazer em Lisboa 🇵🇹	162000	992-dovrb0U
Lisbon travel short	As 3 atrações mais visitadas de Lisboa que você não pode perder! | Guia de Viagem de Portugal	32000	yEpx8_LDOgM
Lisbon travel short	Lisbon, Portugal in 20 spots #Shorts📍#travel #lisbon  #portugal  #shorts	22	KzJULKPLoyQ
Lisbon travel short	Lisbon, Portugal 🇵🇹 — A City Full of Color & Life ✨ | Digidi	574	ScBQIKHpomI
Lisbon travel short	6 coisas para fazer em Lisboa, Portugal 🍷🌅🏰	11000	sWvN3hHMfck
Lisbon travel short	Lisbon Shore Leave 🇵🇹 | 15 Seconds of Portugal You’ll Want to Visit! #shorts	721	N9LLxDebzK4
Lisbon travel short	Lisbon: World's Happiest Travel Destination! 🇵🇹☀️ #Lisbon #Travel #Shorts #touristic	30	YLub61gC-fQ
Lisbon travel short	Iconic Rossio Square Lisbon Portugal Walk #lisbon #portugal #lisboa #europe #lisbonportugal #sh	911	uBZefepAiVQ
Lisbon travel short	Dia de viagem caótico como mãe solteira #aeroporto #mãesolteira #lisboa #shorts	2300	dpNKs0H1Nps
