canal	titulo_exibido	views_texto	publicado_texto	duracao	videoId
Diego Berlitz	ORVIETO, ITÁLIA: A joia da Úmbria a 1h30 de Roma (O Que Fazer e Roteiro)	46 mil	há 11 dias	37:08	Sczo0-GRmGY
Diego Berlitz	VATICANO, Roma - O que você REALMENTE precisa saber para se SURPREENDER	43 mil	há 2 sem.	47:33	cTItxotC8d0
Diego Berlitz	ROMA, Itália: dá pra VER TUDO em 2 dias? Nosso Roteiro OTIMIZADO.	78 mil	há 3 sem.	1:09:00	0yIveXud07U
Diego Berlitz	TURIM, ITÁLIA: O que fazer, onde comer e a conexão com o Brasil	56 mil	há 1 mês	43:14	9SnXeucTqKE
Diego Berlitz	CAPRI quase como um LOCAL: O que fazer além do óbvio (em 2026)	47 mil	há 1 mês	58:35	LLtLqOl8gO8
Diego Berlitz	POMPEIA, Itália: O Que Fazer, Como chegar e roteiro completo saindo de Nápoles	67 mil	há 1 mês	40:00	zfe3SSuaWG4
Diego Berlitz	SORRENTO, Itália: Vale a pena? O que fazer, onde comer e como chegar	41 mil	há 1 mês	46:55	Pfl62whLhO0
Diego Berlitz	COSTA AMALFITANA pela 3ª VEZ: Sonho ou Pesadelo? Como é na realidade.	101 mil	há 2 meses	55:56	hdI0tVqnVa0
Diego Berlitz	Vale a pena voar de PREMIUM COMFORT na AIR FRANCE? (GRU-Paris)	19 mil	há 2 meses	22:22	lM4asUNd5mg
Diego Berlitz	O que fazer em FORT LAUDERDALE e HOLLYWOOD na Flórida +  PREÇOS do maior OUTLET DO MUNDO	105 mil	há 2 meses	33:41	pGlbhnGucGw
Diego Berlitz	MIAMI: o que NINGUÉM te conta - HISTÓRIA e ARTE que forjaram a ALMA da cidade	20 mil	há 2 meses	33:14	2m8h8v89pjU
Diego Berlitz	MIAMI BEACH: O que fazer em South Beach além da ostentação (Roteiro Completo)	45 mil	há 3 meses	44:33	7537CBTw7qQ
Diego Berlitz	Um dia INSANO em KUALA LUMPUR: O que dá pra fazer em 24h?	10 mil	há 3 meses	30:11	5BXbvDwAkbU
Diego Berlitz	MALÁSIA: Nossas PRIMEIRAS IMPRESSÕES e O QUE FAZER em Langkawi 🇲🇾	9,1 mil	há 4 meses	35:39	xIY2SnHUXVQ
Diego Berlitz	OS TEMPLOS MAIS INCRÍVEIS DA TAILÂNDIA: Conheça a Capital da Arte, Chiang Rai	4,8 mil	há 4 meses	22:46	Dr-Fvnz5Ds8
Diego Berlitz	O que fazer no Uruguai: Roteiro além do óbvio por lugares que você precisa conhecer	216 mil	há 4 meses	49:41	hh01QLkJUlg
Diego Berlitz	NÃO saia de SYDNEY sem conhecer este lugar: Blue Mountains (Austrália)	9,3 mil	há 4 meses	30:22	rqqZ3Lru4UQ
Diego Berlitz	O SEGREDO para ver CANGURUS soltos na Austrália (JERVIS BAY tem as praias MAIS LINDAS)	10 mil	há 5 meses	26:03	L_M5MqKAqjQ
Diego Berlitz	O QUE FAZER EM SYDNEY: O roteiro COMPLETO de quem já morou aqui (18 anos depois)	32 mil	há 5 meses	1:36:07	4sEAMi-Tp8M
Diego Berlitz	Koh Lipe: A Nossa Ilha Favorita na Tailândia (Roteiro Completo)	25 mil	há 5 meses	43:59	IMIlK26amrI
Estevam Pelo Mundo	A CAPITAL FANTASMA DA EUROPA - COMO É e O QUE TEM PRA FAZER EM PODGORICA em MONTENEGRO?	27 mil	há 1 dia	28:57	BcsSKwDhLaU
Estevam Pelo Mundo	A CIDADE QUE NINGUÉM QUER MORAR na EUROPA	39 mil	há 4 dias	36:24	zPzyDaZuX6M
Estevam Pelo Mundo	O PAÍS EMBAIXO DA TERRA na EUROPA que se ISOLOU DO MUNDO por ser COMUNISTA - DOCUMENTÁRIO	105 mil	há 8 dias	31:03	eu7JmNmspGg
Estevam Pelo Mundo	TESTEI o VOO MAIS BARATO da EUROPA ao BRASIL - Mas vale pagar tão barato numa classe executiva?	200 mil	há 11 dias	47:30	nTqCNcykL-I
Estevam Pelo Mundo	O PAÍS QUE BANIU imigrantes e tem a cidade mais FELIZ do mundo! 🇩🇰 Como é Copenhague na Dinamarca ?	169 mil	há 2 sem.	50:26	uLmRduR5X1Y
Estevam Pelo Mundo	PRAGA EM 24 HORAS: O QUE FAZER E QUANTO CUSTA A REPÚBLICA TCHECA? ROTEIRO COMPLETO 🇨🇿	134 mil	há 1 mês	49:21	tc9nOnrurvg
Estevam Pelo Mundo	24H EM BUDAPESTE: O QUE FAZER NA CIDADE MAIS BONITA DA HUNGRIA? HOTEL, PASSEIOS, PREÇOS E ROTEIRO 🇭🇺	124 mil	há 1 mês	35:15	kK4eWj_pI3Q
Estevam Pelo Mundo	VOO ATRASOU 4H e quase perdi a FINAL DA COPA! A VERDADE da Nova Executiva LATAM até Nova York 🇧🇷✈️😱	81 mil	há 2 meses	24:37	Rxa4toSoW7w
Estevam Pelo Mundo	BALI 2026: Minha viagem e roteiro com melhores cidades, hotéis, onde ficar, comer sair e passeios	121 mil	há 3 meses	1:13:01	rFyqQrYZxjQ
Estevam Pelo Mundo	EXECUTIVA UNITED AIRLINES de Nova York ao Brasil de GLOBAL SERVICES: status que NINGUÉM pode comprar	228 mil	há 3 meses	38:15	vEGmnug2UFs
Estevam Pelo Mundo	VIAGEM A NOVA YORK - O QUE FAZER, ONDE COMER, SE HOSPEDAR, ATRAÇÕES, PASSEIOS, RESTAURANTES e METRÔ	193 mil	há 3 meses	1:17:56	h4FSrB_YcMI
Estevam Pelo Mundo	🇰🇵 COMO É A CORÉIA DO NORTE DA EUROPA? O que tem e o que fazer em Tirana na Albânia?	106 mil	há 3 meses	44:39	iEeiYRYFAR0
Estevam Pelo Mundo	A GRÉCIA QUE NINGUÉM MOSTRA: COMO É E QUANTO CUSTA VIAJAR A ALBÂNIA? A PRAIA AZUL DO CARIBE EUROPEU	111 mil	há 4 meses	35:07	YoeFG8Cxpr4
Estevam Pelo Mundo	Santander Select Vale a Pena? Conheça os Benefícios e Vantagens Exclusivas do Banco	10 mi	há 4 meses	1:55	pcU1-huek7I
Estevam Pelo Mundo	COMO É VOAR na FALIDA ALITALIA de ROMA ao BRASIL? Classe Executiva da ITA Airways no A330 da Itália	229 mil	há 4 meses	38:07	2zzQA8aTuSU
Estevam Pelo Mundo	Voando pra Doha no Qatar durante a Guerra do Iran - está perigoso ou seguro voar pro Oriente Médio?	58 mil	há 4 meses	32:16	f-KKtHJ8dyI
Estevam Pelo Mundo	O QUE FAZER EM SYDNEY na AUSTRÁLIA EM 2026? ROTEIRO COMPLETO, PREÇOS, HOTEL, PASSEIOS E DICAS 🇦🇺	171 mil	há 4 meses	1:07:18	11uImAdkhlc
Estevam Pelo Mundo	62h VIAJANDO - O VOO DE R$94.000 de PRIMEIRA CLASSE ATÉ A AUSTRÁLIA	1,2 mi	há 4 meses	41:10	c889xdztOuM
Estevam Pelo Mundo	O PAÍS MAIS ALTO DO MUNDO - COMO É O LESOTO na ÁFRICA?	87 mil	há 5 meses	19:45	xM6r0tTs19U
Estevam Pelo Mundo	Barrado por ser BRASILEIRO no país MAIS ALTO do MUNDO! Por que NINGUÉM VIAJA ao REINO do LESOTO?	82 mil	há 5 meses	18:02	bH2XtWpxKw8
Alemanizando	🇩🇪 OUTUBRO CHEGOU NA ALEMANHA: Os 7 principais alertas para quem mora AQUI	12 mil	há 6 dias	9:31	kefMVDtgnuE
Alemanizando	🇩🇪 PERDEU O EMPREGO NA ALEMANHA? Veja quanto você pode receber | Advogada explica	6 mil	há 13 dias	17:09	h2NcVZszKGU
Alemanizando	🇩🇪 NOSSA GATA PRECISOU DE CIRURGIA NA ALEMANHA… E ESSE FOI O PREÇO 😱 | Alemanizando Responde 47	9,9 mil	há 2 sem.	12:12	YAAwUq0dDUc
Alemanizando	🇩🇪 “AQUI EU TENHO UMA DIGNIDADE QUE NÃO TINHA NO BRASIL”, diz brasileira há 4 anos na Alemanha	26 mil	há 3 sem.	49:17	ItACJqR8Y8s
Alemanizando	🇩🇪 4 COISAS que vão MUDAR na Alemanha em SETEMBRO de 2026 | Sirenes de emergência, álcool e eleições	41 mil	há 1 mês	9:04	geWCsoBt_Os
Alemanizando	💰🌎 9 COISAS QUE VOCÊ SEMPRE QUIS SABER SOBRE A WISE	2,6 mil	há 1 mês	7:49	0gsycf-uQ5A
Alemanizando	🇩🇪 "EU AMO NÃO SER OBRIGADA A SER SIMPÁTICA O TEMPO TODO" diz brasileira na Alemanha	51 mil	há 1 mês	44:16	PwdHydphIcU
Alemanizando	🇩🇪 ONDA DE DEMISSÃO EM MASSA NA ALEMANHA: conheça seus direitos	7,5 mil	há 1 mês	36:07	Hb7dNHHYx8I
Alemanizando	🇩🇪 HANNOVER é mesmo sem graça? Passamos 1 dia inteiro na cidade | Roteiro completo	11 mil	há 1 mês	24:02	zl7D80DZ-w8
Alemanizando	🇩🇪🩸 DOAMOS SANGUE NA ALEMANHA pela 1ª vez! Tudo o que você precisa saber para doar	4,2 mil	há 1 mês	21:46	v5XvyNdPoZQ
Alemanizando	🇩🇪 AGOSTO NA ALEMANHA: eclipse, volta às aulas, regulamentação de IA e lixo reciclável	6,6 mil	há 2 meses	8:53	gNqsX7gDtPE
Alemanizando	🇩🇪🇧🇷 COMO EU ENVIEI MEU DINHEIRO DO BRASIL PARA A ALEMANHA COM AS MENORES TAXAS💶	1,6 mil	há 2 meses	7:34	nrBGEY2Wfxc
Alemanizando	🇩🇪🍓CONHECEMOS O PARQUE DOS MORANGOS DA ALEMANHA, do ladinho de Berlim	7,1 mil	há 2 meses	18:52	-gYtc7m1xuY
Alemanizando	🇩🇪 "EU NÃO CONSIGO MAIS VIVER COM AS INEFICIÊNCIAS BRASILEIRAS"	5,1 mil	há 2 meses	50:30	d7JrXp_anKc
Alemanizando	🇩🇪 O QUE ACONTECE QUANDO ALGUÉM MORRE NA ALEMANHA? | Advogada explica	7,5 mil	há 2 meses	34:20	fVVgWSy3iQw
Alemanizando	🇩🇪 URGENTE: 7 NOVAS REGRAS ENTRAM EM VIGOR NA ALEMANHA EM JULHO DE 2026	16 mil	há 3 meses	8:57	GSktH9qUXRI
Alemanizando	💶 O ERRO QUE BRASILEIROS COMETEM COM O CARTÃO DA WISE	5 mil	há 3 meses	10:51	czR9FF8Udt8
Alemanizando	🇩🇪 "SABER FALAR ALEMÃO ME ABRIU PORTAS QUE EU NEM SABIA QUE EXISTIAM"	12 mil	há 3 meses	42:01	BArZgLvTkoA
Alemanizando	🇩🇪 QUEM TRABALHOU MENOS DE 5 ANOS NA ALEMANHA PODE SACAR TODA A APOSENTADORIA? | Advogada explica	6,5 mil	há 3 meses	19:26	XsXI4tbOx-s
Alemanizando	🇩🇪 8 NOTÍCIAS IMPORTANTES EM JUNHO NA ALEMANHA | Alemanizando	9,5 mil	há 4 meses	10:16	M2xWe9rim2U
Leo e Fabi	🇮🇹 COMO É UM SUPERMERCADO NA ITÁLIA | Preços no país das massas, queijos e vinhos	78 mil	há 2 dias	47:44	ixfzil50bzE
Leo e Fabi	🇮🇹 POMPEIA, A CIDADE DESTRUÍDA POR UM VULCÃO	86 mil	há 9 dias	37:01	dqnnuGdnk0U
Leo e Fabi	🇮🇹 A REALIDADE DE NÁPOLES | É realmente a cidade mais suja, feia e perigosa da Itália?	148 mil	há 13 dias	44:30	4XrJgwz-xjU
Leo e Fabi	🇮🇹 Caóticas PRIMEIRAS 24 HORAS em NÁPOLES	146 mil	há 2 sem.	48:49	GuW7gD0J0Ds
Leo e Fabi	INFELIZENTE ACABOU, MAS ESTAVA NA HORA	136 mil	há 2 sem.	53:05	eq5zaoKiN6w
Leo e Fabi	OS MENUS MAIS BIZARROS DO MCDONALD'S | Japão, Coreia e China	103 mil	há 3 sem.	32:17	-usd9UcFDKA
Leo e Fabi	🇯🇵 COMO É A DISNEY NO JAPÃO? Parques cheios e filas gigantescas	102 mil	há 3 sem.	48:16	jKIGpSIc1v8
Leo e Fabi	🇯🇵 É POR ISSO QUE TANTA GENTE AMA TÓQUIO | O lado bizarro do Japão	133 mil	há 1 mês	44:32	LhHGL3ec5IA
Leo e Fabi	🇯🇵 NOS SEPARAMOS | Precisávamos viver isso no Japão	102 mil	há 1 mês	30:27	16c_sg80K48
Leo e Fabi	🇨🇳 AS BIZARRICES DO MERCADO NA CHINA | Como é um supermercado no China	143 mil	há 1 mês	52:21	SDznsj8emxo
Leo e Fabi	🇨🇳 A CHINA VIVE NO FUTURO (ESSE VÍDEO PROVA ISSO)	486 mil	há 1 mês	43:28	DMrhIicQwQk
Leo e Fabi	🇨🇳 A MELHOR CIDADE DA CHINA | Conhecendo Chendgu, a cidade dos pandas	67 mil	há 1 mês	54:47	qyouKLc3io4
Leo e Fabi	🇨🇳 ISSO SÓ ACONTECE NA CHINA | Uma das experiências mais insanas que já vivemos aqui	75 mil	há 1 mês	41:38	NsrE9hqMunk
Leo e Fabi	🇨🇳 A CHINA QUE PARECE FEITA POR I.A. | Furong, a cidade das fadas	87 mil	há 1 mês	44:50	-mysdmF0BCc
Leo e Fabi	🇨🇳 O LADO RUIM DA CHINA | A realidade de ser um turista no interior da China (Zhangjiajie)	74 mil	há 1 mês	48:40	jc1auKQC84c
Leo e Fabi	🇨🇳 A REALIDADE DE SER CRISTÃO NA CHINA | Vida real em uma das maiores cidades da China	69 mil	há 2 meses	53:44	URaoiPgoIi0
Leo e Fabi	🇨🇳 DESCOBRIMOS DE ONDE VEM TUDO QUE VOCÊ COMPRA | Conhecendo a famosa Cantão (Guangzhou)	128 mil	há 2 meses	54:17	h03KiTwkvzY
Leo e Fabi	🇨🇳 VOCÊ IMAGINAVA QUE A CHINA ERA ASSIM? Voltamos para Shenzhen	85 mil	há 2 meses	54:22	wPKvodpl6u0
Leo e Fabi	O MUNDO INTEIRO DEPENDE DESSE LUGAR | Como Taiwan se tornou um gigante da tecnologia	80 mil	há 2 meses	47:43	SYx9SxVyoA4
Leo e Fabi	MERCADO NOTURNO BIZARRO EM TAIWAN | Eles comem cobra por aqui	69 mil	há 2 meses	38:24	DcrdoryycEo
Marina Guaragna	O QUE OS BILIONÁRIOS QUEREM NESSE DESERTO DA ARGENTINA?	1,2 mil	há 1 h	37:29	UJQQLs1f_8Y
Marina Guaragna	O MELHOR DA ARGENTINA (ninguém conhece)	79 mil	há 7 dias	38:23	lXU6xzM6rsk
Marina Guaragna	ELE QUERIA VIR PRA ARGENTINA SÓ PRA ISSO	86 mil	há 2 sem.	30:59	JvOk7SIGgnk
Marina Guaragna	CHEGAMOS NA ARGENTINA 🇦🇷	236 mil	há 3 sem.	44:25	qVz6GTsQ-Uo
Marina Guaragna	PROVANDO COMIDAS DE RUA NA BÉLGICA	236 mil	há 4 sem.	51:11	auh16cnJ0K8
Marina Guaragna	CHEGAMOS NO PAÍS DA CERVEJA	189 mil	há 1 mês	47:35	1jJV_7mRkNE
Marina Guaragna	VISITAMOS O LUGAR DO MAPA MAIS ESTRANHO DO MUNDO	78 mil	há 1 mês	40:55	th_HDh74AQ0
Marina Guaragna	POR DENTRO DO TURISMO CANÁBICO DE AMSTERDAM	133 mil	há 1 mês	40:26	aiNzzchVqmE
Marina Guaragna	24H DE COMIDA DE RUA EM AMSTERDAM	160 mil	há 1 mês	42:25	kl-vumBoqdw
Marina Guaragna	CHEGAMOS EM AMSTERDAM	178 mil	há 2 meses	52:40	jenm7jwXWkA
Marina Guaragna	O QUE ACONTECEU COM A CAPITAL DOS EUA?	57 mil	há 2 meses	38:38	bOr4NEy7K6I
Marina Guaragna	A CIDADE QUE FEZ MUDAR O QUE EU PENSO DOS EUA	153 mil	há 2 meses	48:50	UwGyRu2bJZ4
Marina Guaragna	24H DE COMIDA DE RUA EM NOVA YORK	286 mil	há 2 meses	51:58	38GxZ20d7c8
Marina Guaragna	CHEGAMOS NOS ESTADOS UNIDOS	101 mil	há 3 meses	48:24	iV5kWnnfDrY
Marina Guaragna	MIAMI: A TERRA DOS LATINOS	75 mil	há 3 meses	44:43	A8Mw2nD8ps0
Marina Guaragna	O QUE ESTÁ ACONTECENDO COM O HAITI?	111 mil	há 3 meses	45:19	fXpSph5Z84s
Marina Guaragna	Como é viajar sendo Platinum LATAM Pass?	10 mil	há 3 meses	15:54	84iIjjlOZKE
Marina Guaragna	CHEGAMOS NO PAÍS MAIS POBRE DA AMÉRICA	153 mil	há 3 meses	36:56	_uXKWBCvhto
Marina Guaragna	A NORUEGA É PERFEITA E AQUI ESTÁ A PROVA	68 mil	há 3 meses	46:23	ysBNwX5V1c4
Marina Guaragna	O LUGAR ONDE O SOL NÃO SE PÕE	228 mil	há 4 meses	33:38	DCJhzj6MyAY
Trip Partiu	TAILÂNDIA: melhores passeios + preços  (vale a pena mesmo?)	120 mil	há 12 dias	1:24:01	CapQaBMbdz0
Trip Partiu	BARCELONA ESPANHA: melhor roteiro + dicas para economizar	106 mil	há 3 sem.	58:28	MHoTAE5hmdI
Trip Partiu	COSTA RICA: vale a pena conhecer o país MAIS FELIZ da América Latina?	153 mil	há 1 mês	41:35	vETZeGXiSbU
Trip Partiu	MADRID ESPANHA: melhor roteiro + dicas para economizar	156 mil	há 1 mês	59:41	q8zw1H3FXFI
Trip Partiu	BONITO MS: ROTEIRO COMPLETO COM MELHORES PASSEIOS + PREÇOS	240 mil	há 2 meses	59:52	YFoPQu3ymH0
Trip Partiu	PROVANDO COMIDAS EXÓTICAS NA TAILÂNDIA (você comeria isso?)	26 mil	há 2 meses	9:46	XLFBk1VxMrQ
Trip Partiu	CHIANG MAI e CHIANG RAI: Vale a pena viajar no NORTE DA TAILÂNDIA?	35 mil	há 3 meses	38:25	THIEGGnbxHU
Trip Partiu	PHUKET TAILÂNDIA: melhores passeios + preços	69 mil	há 3 meses	25:55	VBuw_XV6UpM
Trip Partiu	PHI PHI: A ILHA MAIS FAMOSA DA TAILÂNDIA | Guia Completo com Preços, Dicas e Passeios Imperdíveis	99 mil	há 3 meses	32:35	8vx5NNWRlrQ
Trip Partiu	KRABI TAILÂNDIA: as praias são bonitas e baratas?	115 mil	há 3 meses	30:49	_oc4xT1dBcU
Trip Partiu	BANGKOK TAILÂNDIA: melhores pontos turísticos + preços	138 mil	há 4 meses	1:15:28	iqXlpsVIeIY
Trip Partiu	ISTAMBUL TURQUIA - ROTEIRO COMPLETO COM PREÇOS E DICAS	359 mil	há 4 meses	39:36	cuqBGf7Qtdg
Trip Partiu	ARACAJU SERGIPE - melhores passeios e dicas para economizar	260 mil	há 6 meses	42:33	cwFEhhTNcek
Trip Partiu	SALINAS MARAGOGI: o RESORT ALL INCLUSIVE mais famoso do Brasil vale o preço?	342 mil	há 6 meses	57:03	0cvvmUXUkz4
Trip Partiu	DICAS de NATAL RN: melhores passeios, onde comer e erros que você NÃO pode cometer	52 mil	há 7 meses	24:15	9w2TU5kvy8o
Trip Partiu	COMO TER INTERNET EM VIAGEM INTERNACIONAL? Dicas para usar o eSIM da Holafly	6,4 mil	há 7 meses	7:06	zljgIpBduAQ
Trip Partiu	Hotel Fazenda com Pensão Completa BARATO no Rio de Janeiro	325 mil	há 7 meses	27:53	UrhwViLBmbs
Trip Partiu	LISBOA PORTUGAL: melhores passeios + dicas para economizar	185 mil	há 8 meses	49:14	8bsy8BHSu7Q
Trip Partiu	Cruzeiro barato MSC: Dubai, Doha, Abu Dhabi e melhores atrações do Oriente Médio	260 mil	há 8 meses	59:54	LYlix5n-7Ng
Trip Partiu	COMO COMPRAR PASSAGEM AÉREA BARATA EM 2026? Passo a passo completo	126 mil	há 8 meses	16:17	9QUgMOdq5ds
GetOutside (Ale & Duda)	Essa rotatória fica 70 METROS ABAIXO DO OCEANO	113 mil	há 4 dias	34:13	k1QE7pGm0dM
GetOutside (Ale & Duda)	Por que alguém vive em um dos lugares mais isolados do mundo?	232 mil	há 11 dias	50:10	UqQ-zwyAVMY
GetOutside (Ale & Duda)	Conhecemos 2000 anos de ROMA nesse carro	151 mil	há 2 sem.	41:19	15k1fxPonCc
GetOutside (Ale & Duda)	Como é viajar em ROMA hoje em dia? Decidimos dar notas	227 mil	há 3 sem.	1:00:42	ukG-eCdotqE
GetOutside (Ale & Duda)	Nosso bebê é menino ou menina?	371 mil	há 3 sem.	45:22	9TTreJdxXx0
GetOutside (Ale & Duda)	Fomos ver de perto os PRATOS NOS LÁBIOS da tribo mais famosa da África	112 mil	há 1 mês	48:42	VrzIhErnkzU
GetOutside (Ale & Duda)	Dirigimos 70Km pra chegar nessa tribo na ETIÓPIA	94 mil	há 1 mês	28:18	lATUHzjJNa4
GetOutside (Ale & Duda)	Conhecemos UMA TRIBO de costumes CONTROVERSOS na África.	92 mil	há 1 mês	28:51	P26dQ9jeX_w
GetOutside (Ale & Duda)	Visitamos o MAIOR MERCADO DE RUA de toda ÁFRICA	105 mil	há 1 mês	42:35	eUOxjDHo9P8
GetOutside (Ale & Duda)	Dormimos a 50 GRAUS AO LADO de um vulcão ativo (Etiópia)	170 mil	há 1 mês	27:12	LC-MpYW--sg
GetOutside (Ale & Duda)	Passamos uma noite no lugar mais quente da terra (Etiópia)	777 mil	há 2 meses	32:49	1m99XlI22Vo
GetOutside (Ale & Duda)	24 HORAS na cidade das HIENAS na Etiópia	135 mil	há 2 meses	38:20	TMBfA9Aot7M
GetOutside (Ale & Duda)	Esse é um dos lugares mais sagrados do Cristianismo	203 mil	há 2 meses	35:08	ZC3CKQgus_s
GetOutside (Ale & Duda)	Voltamos para a África, mas não para o motorhome	73 mil	há 2 meses	15:35	jhg0eaNQ8ac
GetOutside (Ale & Duda)	Uma jornada de 257 dias de MOTORHOME na ÁFRICA	105 mil	há 2 meses	2:21:00	hEGZtE3ZMjM
GetOutside (Ale & Duda)	Tentamos entregar um boneco para o VINI JR.	101 mil	há 3 meses	28:24	bAI-vccjDQY
GetOutside (Ale & Duda)	Passamos UMA NOITE em um CYBERTRUCK	98 mil	há 3 meses	34:54	Xt0YKzunJ_U
GetOutside (Ale & Duda)	Trocamos de roupa um com o outro por 24H (em público)	78 mil	há 3 meses	35:09	b9F2I9EdEss
GetOutside (Ale & Duda)	Tentamos assistir BRASIL X HAITI no Estádio (sem ingresso)	70 mil	há 3 meses	23:38	o8MAp34chrk
GetOutside (Ale & Duda)	Chegamos de MOTORHOME onde o Brasil vai jogar contra Haiti	81 mil	há 3 meses	35:49	BBUxGCquKHU
Três Viagens	MENDOZA ARGENTINA: Tudo o Que Você Precisa Saber Antes de Viajar | Vinícolas, Aconcágua e Preços	7,6 mil	há 2 dias	34:42	xKFnmQOZs-o
Três Viagens	BUENOS AIRES ARGENTINA: COMO ESTÃO OS PREÇOS? Quanto Custa Comer e se Hospedar?	35 mil	há 2 sem.	25:47	2bpd-GfhEyo
Três Viagens	COSTA DO SAUÍPE BAHIA:  Resort All Inclusive | Como é se Hospedar no Sol Grand Premium	91 mil	há 1 mês	31:27	ZhzJ45zxW1U
Três Viagens	COMO TER INTERNET NA VIAGEM INTERNACIONAL: Airalo, eSIM, Roaming e Outras Opções	2 mil	há 1 mês	10:26	Tbot4x_XgO8
Três Viagens	DISNEYLAND PARIS 2026 18 DICAS para Aproveitar MUITO Mais a Disney Paris	6 mil	há 1 mês	32:52	gEZ3RwSy1gY
Três Viagens	COMO MONTAR A MALA DE VIAGEM: Passo a Passo Para Levar as Peças Certas	5,3 mil	há 1 mês	23:51	wcAZmjfLZhM
Três Viagens	CARTÃO WISE 2026: Como Funciona, Taxas, IOF, Como Usar e Como Economizar (Guia Passo a Passo)	6,4 mil	há 2 meses	15:30	OI4Znxv_3Tg
Três Viagens	O QUE LEVAR NA MALA: 15 Itens Essenciais Para Viagem Internacional e Evitar Perrengues em 2026	5,9 mil	há 2 meses	21:59	bWESNQT4e_M
Três Viagens	BAGAGEM DE MÃO 2026: O Que Pode, O Que Não Pode e Como Evitar Gastos no Aeroporto	31 mil	há 2 meses	30:00	0rz8AFPl0Vc
Três Viagens	WISE 2026: Vale a Pena Mudanças, Taxas, Cartão, Rende+ e Como Economizar na Viagem	15 mil	há 3 meses	12:51	xOq2owVU77k
Três Viagens	LONDRES 2026: 15 Dicas que Vão Salvar sua Viagem, Onde Ficar, Como Economizar e o Que Fazer	12 mil	há 3 meses	31:08	t5pijQelGyM
Três Viagens	FLORIANÓPOLIS SC 2026: Roteiro Completo, O Que Fazer, Onde Ficar e Quanto Custa.	36 mil	há 3 meses	26:44	Vns6ZJmkVwk
Três Viagens	BARCELONA ESPANHA 2026: Roteiro Completo, O Que Fazer, Onde Comer e Dicas de Viagem com Nomad	30 mil	há 4 meses	31:09	POetzjO64Y8
Três Viagens	MADRID ESPANHA 2026: Roteiro Completo, O Que Fazer, Onde Comer, Compras e Preços em Euro com Nomad	27 mil	há 4 meses	38:59	wFYa7-bOqSw
Três Viagens	SANTIAGO CHILE 2026: O Que Fazer, Onde Ficar, Preços, Dicas e Como Economizar	46 mil	há 4 meses	25:25	ckm72BCMHPI
Três Viagens	Gramado com Criança: O Que Fazer, Como Montar o Roteiro, Melhores Passeios e Como Economizar	17 mil	há 4 meses	24:50	ImFdSaG6yiw
Três Viagens	WISE 2026: Como Funciona, Taxas, IOF, Cartão Wise e Como Economizar Dinheiro no Exterior	3,5 mil	há 5 meses	17:26	vWMR-LirHwc
Três Viagens	VIAGEM PARA EUROPA: Erros e Acertos!	34 mil	há 5 meses	30:29	2QTsmHgMgvY
Três Viagens	PROVANDO COMIDAS ASIÁTICAS da Liberdade - Compramos de Tudo!	10 mil	há 5 meses	26:20	k8ZNmQ3vEGA
Três Viagens	Liberdade SP: o que fazer, o que comer e preços (roteiro completo)	127 mil	há 6 meses	25:11	8qhhJOm2ybY
Viagem Pra Dois	O QUE DÁ PARA COMPRAR COM 100€ NO LIDL DA ESPANHA? 🛒😱 (Vocês tinham razão!)	5,2 mil	há 13 dias	31:40	CEPMLJTFGBI
Viagem Pra Dois	A ESPANHA QUE VOCÊ NÃO VÊ NOS VÍDEOS DE TURISMO 🇪🇸 | Feria de Málaga	1 mil	há 1 mês	48:39	KYx8OteEz_I
Viagem Pra Dois	😱 O QUE É ESSA FESTA NA ESPANHA?! 🇪🇸🎆 Conhecemos a Feria de Málaga	1 mil	há 1 mês	35:00	DK7X2FKHfJY
Viagem Pra Dois	QUANDO VIR PARA A ESPANHA? 🇪🇸 Descubra a melhor época!	1,5 mil	há 2 meses	38:39	kf_63oVpxqo
Viagem Pra Dois	As maiores promoções da Espanha começaram! Vale a pena?	5,5 mil	há 2 meses	27:13	pM-1HJT9p-g
Viagem Pra Dois	🇪🇸 Assistimos à Final da Copa do Mundo 2026 na Espanha!	355	há 2 meses	11:30	OmCOYD4OQV8
Viagem Pra Dois	A ESPANHA FEZ O IMPOSSÍVEL! 🚨 O Choque que Eliminou a França (2-0)	419	há 2 meses	21:48	cRQF6ms-DFo
Viagem Pra Dois	Custo de vida na Espanha: a verdade que ninguém te conta	7,4 mil	há 2 meses	25:56	zSxlEnvdKm4
Viagem Pra Dois	PREÇOS NA ESPANHA: Nike, Adidas e Zara são MAIS BARATOS que no Brasil?	11 mil	há 5 meses	46:47	Ppc6rSQdHIg
Viagem Pra Dois	O shopping mais diferente que já visitamos na Espanha | Tour no Plaza Mayor em Málaga	3,4 mil	há 6 meses	44:59	R-kfkO2MHLk
Viagem Pra Dois	Quanto custa um carrinho cheio na Espanha em 2026? 🇪🇸😳	77 mil	há 6 meses	35:01	C0qI3AsF95w
Viagem Pra Dois	Visitamos uma das cidades mais baratas da ESPANHA | Custos + Roteiro | PARTE  2	753	há 7 meses	30:48	zRCQYvJ9tLs
Viagem Pra Dois	Visitamos uma das cidades mais baratas da ESPANHA | Custos + Roteiro | PARTE 1	1,2 mil	há 7 meses	37:39	l-kAK6pf-P8
Viagem Pra Dois	Roma surpreendeu a gente (não esperávamos por isso!) VALE A PENA?	804	há 7 meses	22:36	Th9RVH0FMeQ
Viagem Pra Dois	Cruzeiro pelo Mediterrâneo no inverno | Vlog completo + tour pelo navio + cidades visitadas	2,1 mil	há 8 meses	20:09	EpGtKK2H1dk
Viagem Pra Dois	1 dia na ESPANHA!! 🇪🇸	979	há 2 anos	15:05	KonSCldf0As
Drew Binsky	Passei Um Dia Com O Homem Mais Solitário Do Mundo	2 mi	há 5 dias	39:22	zm1rBWtRUvo
Drew Binsky	Entrando Na Ilha Mais Estreita Do Mundo (Filipinas)	3,3 mi	há 2 sem.	24:55	FmykXVUsPdw
Drew Binsky	24 Horas No Bairro Mais Temido Do México	3,9 mi	há 3 sem.	28:17	WMue7nn9VK0
Drew Binsky	Esta Cidade Americana Fica A 36 Milhas Da Rússia	13 mi	há 1 mês	59:47	V0ZRVUdIf7s
Drew Binsky	Esta É A América Que Você Nunca Vê (Virgínia Rural)	9,8 mi	há 1 mês	55:44	VIuEdpRWUl4
Drew Binsky	Entrando Na Líbia | O País Mais Perigoso Da África	3,2 mi	há 2 meses	38:54	QN9IaiOoxY8
Drew Binsky	5 Dias Em Madagascar | A Ilha Mais Pobre Do Mundo	2,9 mi	há 2 meses	32:20	jwopF96RVdU
Drew Binsky	Passei Um Dia Com O Verdadeiro Guarda-Costas De Kim Jong	5,8 mi	há 3 meses	38:42	Wa1k0E2jOI8
Drew Binsky	Consegue Acesso Aos Judeus Mais Secretos Do Mundo	1,4 mi	há 3 meses	47:31	r4kdP8Y-W9E
Drew Binsky	Levei Minha Esposa Para O Iraque (Pior Ideia De Todas?)	2,6 mi	há 4 meses	32:26	KPQiIc7Qb0Y
Drew Binsky	Passei Um Dia Com Crianças Que Caminham 5 Horas Para Ir À Escola	9,3 mi	há 4 meses	21:38	frhoqX9ADdc
Drew Binsky	Por Dentro Das Microcasas De US$500.000 Na Austrália	1,5 mi	há 4 meses	36:43	-GwyavUqIBA
Drew Binsky	Vivi Com A Tribo Mais Sangrenta Da África	551 mil	há 5 meses	34:13	xCjul65duaY
Drew Binsky	Na Índia, Acabei De Viver Meu Pesadelo De Viagem	3,2 mi	há 5 meses	36:40	qR60uVaupGQ
Drew Binsky	Ser Albino Na África | A Realidade Assustadora	4 mi	há 6 meses	17:50	kC-5tLI9IeU
Drew Binsky	Como É Por Dentro De Uma Favela Roma	2,2 mi	há 6 meses	31:30	Z2DWxQyDnuM
Drew Binsky	Dentro Dos Menores Apartamentos De Tóquio	2,9 mi	há 6 meses	36:50	39_qlmYxTJU
Drew Binsky	Entrando Em Makoko | A Maior Favela Flutuante Do Mundo	5,1 mi	há 7 meses	28:12	VrIO-r1OyhM
Drew Binsky	Encontrei Um Túnel Onde Vivem 100 Famílias (Filipinas)	12 mi	há 7 meses	29:03	TPWJWlw6YqA
Drew Binsky	Dentro Dos Menores Apartamentos Da Coreia	5,7 mi	há 8 meses	33:42	lr-cAWKdWxk
Kara and Nate	72 Horas na Turquia! (Mongol Rally Ep. 6)	918 mil	há 5 dias	29:49	mOzTG34W6gk
Kara and Nate	Levamos um ônibus escolar até a Ásia (Mongol Rally Ep. 5)	1,1 mi	há 12 dias	31:34	hmhIZkGXK0c
Kara and Nate	24 horas em um país que “tecnicamente” não existe (Mongol Rally Ep. 4)	1,2 mi	há 2 sem.	43:33	MIcdfxqhObQ
Kara and Nate	48 Horas no País Menos Visitado da Europa (Ep	1,3 mi	há 3 sem.	27:28	5dsRGAJQGU8
Kara and Nate	Entrada negada na fronteira da Moldávia (Mongol Rally Ep. 2)	1,5 mi	há 1 mês	39:35	bf8WxJw1uWk
Kara and Nate	Primeiras 72 Horas do Mongol Rally! (Ep. 1)	1,7 mi	há 1 mês	37:56	dKS-CESxL5A
Kara and Nate	we are pregnant	2,3 mi	há 1 mês	21:12	86dSixZOtFo
Kara and Nate	Compramos um ônibus (para dar a volta ao mundo)	1,3 mi	há 2 meses	44:07	wzsSbq3Z1G4
Kara and Nate	7 dias capitaneando nosso próprio iate (sem experiência!)	1,7 mi	há 2 meses	1:02:54	_sZbsPWwsoM
Kara and Nate	A Corrida Que Finalmente Me Quebrou (dead cow gully backyard ultra)	1,4 mi	há 3 meses	1:22:28	SgKmIVEytNI
Kara and Nate	Experimentamos o Resort All-Inclusive Mais Caro da América do Sul	1,3 mi	há 3 meses	46:29	BUksQoHlmfM
Kara and Nate	40 Horas para Correr 100 Milhas na Patagônia	1,1 mi	há 4 meses	52:23	YioSqH5113g
Kara and Nate	Dirigimos 2.000 Milhas pela Patagônia	1,4 mi	há 4 meses	1:06:01	MkDAeGqjj1c
Kara and Nate	Viajamos 6.400 km para nos hospedar no hotel mais exclusivo do mundo	2,4 mi	há 5 meses	41:21	vRn7KMKv70Q
Kara and Nate	Cruzeiro de 14 dias em Quebra-gelo ao Polo Norte	1,1 mi	há 5 meses	1:20:32	FL-l3r2eTCs
Kara and Nate	Primeiras Impressões de Osaka e Quioto, Japão	1,4 mi	há 6 meses	46:07	I9DsUBtVm_U
Kara and Nate	3 Noites no Trem Mais Luxuoso do Japão (7 Estrelas)	2,6 mi	há 6 meses	43:40	H9YfqcQWNiA
Kara and Nate	A China está vivendo em 2050	1,4 mi	há 7 meses	33:29	ryIquQ6vJIo
Kara and Nate	Subimos a Escada Mais Alta do Mundo (Queda de 1.500 Metros)	1,8 mi	há 7 meses	28:01	geIWLS8WcWQ
Kara and Nate	Visitamos Lugares Inacreditáveis na China (que realmente existem)	3,8 mi	há 8 meses	50:11	9cQZVzrmddg
Lost LeBlanc	We Took the Wrong Road and It Led to Disaster	35 mil	há 1 dia	56:04	fcdh5K3VvWI
Lost LeBlanc	Nunca ouvi falar deste país… Agora é um dos meus favoritos	76 mil	há 12 dias	49:28	AA0b4pTaZOY
Lost LeBlanc	Este pequeno país está preso dentro da África do Sul	95 mil	há 3 sem.	44:13	ac2KVVVMtZs
Lost LeBlanc	Perdi meu amigo atravessando a África	102 mil	há 4 sem.	34:08	_qX8zuzTFOI
Lost LeBlanc	Foi Este o Momento em que Tudo Deu Muito Errado | Cruzando a África	138 mil	há 1 mês	43:45	wvt_RStVdt4
Lost LeBlanc	Eu não sabia que precisava visitar o Zimbábue	80 mil	há 1 mês	28:08	gcb6skuP7YU
Lost LeBlanc	Exploring the Side of Zimbabwe No One Sees	85 mil	há 1 mês	38:15	dfSHbfryTGE
Lost LeBlanc	Viajamos de Botsuana para o Zimbábue	69 mil	há 1 mês	29:07	pmevYwclMd8
Lost LeBlanc	Quase atropelamos um elefante | Cruzando a África	72 mil	há 2 meses	49:34	MwCoePFL7gU
Lost LeBlanc	Disseram para não irmos ao Botswana durante a época de chuvas	151 mil	há 2 meses	1:06:02	cSRm43OsFVg
Lost LeBlanc	Conheça o homem que vive com animais selvagens africanos	82 mil	há 2 meses	45:21	V50k6z2EmPA
Lost LeBlanc	Fomos avisados para NÃO entrar aqui.	86 mil	há 3 meses	1:10:07	ax2fjBD4JmM
Lost LeBlanc	Namíbia é uma montanha-russa de emoções | Atravessando a África	110 mil	há 3 meses	1:09:16	SraoCzlvNYk
Lost LeBlanc	Ficamos sem combustível no pior lugar do mundo	139 mil	há 3 meses	1:11:09	v4hX7lali4w
Lost LeBlanc	Atravessando o país mais vazio da Terra | Cruzando a África	193 mil	há 4 meses	58:46	BzrSnmG880s
Lost LeBlanc	Atravessando a África de ponta a ponta | Ep 1	542 mil	há 4 meses	1:11:44	g5JPGyoU1Y8
Lost LeBlanc	Construí a casa dos meus sonhos em Bali e foi um PESADELO	213 mil	há 4 meses	1:38:10	BZz2O9x7sBo
Lost LeBlanc	Eu nunca imaginei que a Turquia fosse tão incrível	216 mil	há 5 meses	49:41	LcqtQWAEa4Y
Lost LeBlanc	Por dentro da villa na selva de Bali que levei 4 anos construindo | LOST VILLA	740 mil	há 5 meses	58:13	Ts5Qt-t9m-U
Lost LeBlanc	Nunca imaginei que me mudaria para a Cidade do Cabo, mas...	134 mil	há 5 meses	38:43	dl6zQrEGSgY
Fearless & Far	Fui tatuado pela tribo das tatuagens da Índia	125 mil	há 2 sem.	29:57	_epeCpz-eOw
Fearless & Far	24h with the BISON HORN Tribe of India (Rare)	110 mil	há 1 mês	36:42	EE0aMOixGD0
Fearless & Far	Nós tomamos CINCO colheradas de mel alucinógeno	300 mil	há 2 meses	24:25	bGzes6Zs2g8
Fearless & Far	Hunting Psychedelic Honey in Nepal	319 mil	há 3 meses	45:42	YQLXI0wqVRs
Fearless & Far	Testando a arma antiga MAIS MORTAL do Havaí	60 mil	há 3 meses	20:44	3FK5Ftk0E58
Fearless & Far	Catching MONSTER Tuna in Louisiana (182lbs)	60 mil	há 5 meses	22:03	XrwK8Sq26Gg
Fearless & Far	I Hunted Monkeys with Poison Darts in the Amazon	568 mil	há 5 meses	57:21	dD-u6wAK7UA
Fearless & Far	Getting Humiliated by a Cholita Wrestler in Bolivia	36 mil	há 7 meses	16:56	memYjzUdJO0
Fearless & Far	Inside the "Mountain the Eats Men" in Bolivia	111 mil	há 7 meses	41:27	uBEWe_yffAk
Fearless & Far	Quebrando uma maldição na Bolívia (Não tente fazer isso)	129 mil	há 8 meses	44:47	rdIA-g6hDE8
Fearless & Far	Participei de um ritual proibido na Costa do Marfim	359 mil	há 9 meses	31:41	tgoYe0Oaf8c
Fearless & Far	Inside The African Country That Thinks It’s America	278 mil	há 10 meses	28:20	LskPnVezxkY
Fearless & Far	Cuidando de Caracóis Gigantes na África (comi-os)	315 mil	há 11 meses	29:07	9I1LC4hZrwM
Fearless & Far	Explorando o Lugar Mais Perigoso da Etiópia	295 mil	há 1 ano	16:06	twjWr4hfWTI
Fearless & Far	72 Horas no Lugar Onde TUDO Mata Você	590 mil	há 1 ano	27:06	pF25-ffJP6I
Fearless & Far	Pesca no gelo e vodka na Mongólia	138 mil	há 1 ano	44:24	6WFKx6uzW6I
Fearless & Far	Caça submarina de peixes invasores no Havaí (Pesca e Cozinha)	105 mil	há 1 ano	22:47	p1qXR7NHKSA
Fearless & Far	Sobrevivi como um guerreiro mongol por 3 dias	172 mil	há 1 ano	44:55	bSHJHsqwBMs
Fearless & Far	I Lived With a Reindeer Tribe in Mongolia’s Frozen North	339 mil	há 1 ano	1:04:51	VBTOcghUDA8
Fearless & Far	Por dentro da perigosa favela flutuante da Nigéria	1 mi	há 1 ano	18:37	vyGnawgCFBE
Sorelle Amore	Eu caminhei pela maior caverna do mundo no Vietnã (Son Doong)	15 mil	há 10 dias	34:18	DHmwMXzV4RM
Sorelle Amore	Se eu tivesse que começar do zero, faria isto	58 mil	há 1 mês	14:14	wYWyuR5hCas
Sorelle Amore	14 Coisas Extremas Que Eu Faço Pela Liberdade	72 mil	há 1 mês	15:57	bc7x_IISBBY
Sorelle Amore	Antes de viajar de carro pela Austrália, assista a isto	38 mil	há 2 meses	10:03	vfCeftAgezA
Sorelle Amore	24 anos depois - será que decaí? O teste definitivo	11 mil	há 2 meses	14:49	ur7-Imk6cuc
Sorelle Amore	A Família Mais Livre Que Já Conheci | Free Human	12 mil	há 3 meses	25:56	frwrMfse_r8
Sorelle Amore	Parece que este é o fim.	17 mil	há 4 meses	16:13	SOTSEzVTIdY
Sorelle Amore	Nunca é o que você pensa	21 mil	há 4 meses	25:15	I_O3orzOt_k
Sorelle Amore	Como eu realmente vivo sozinho na estrada no meu Troopy 4x4 - Diários de Viagem	13 mil	há 5 meses	15:58	AplMhBPOXeY
Sorelle Amore	Não era isso que eu esperava.	13 mil	há 5 meses	24:47	2WxuPyMpA8A
Sorelle Amore	another life curve ball	44 mil	há 6 meses	22:16	mqO8xvPHid8
Sorelle Amore	Minhas reformas caóticas fora da rede elétrica	29 mil	há 6 meses	16:51	OsOt6PvtoPA
Sorelle Amore	Manter 110 acres de terra não é brincadeira...	40 mil	há 7 meses	20:37	NbsD3YG0fJQ
Sorelle Amore	O plano para meus 110 acres de terra australiana bruta (água, energia, alimentos)	44 mil	há 7 meses	14:26	HrKeKqvHj1s
Sorelle Amore	Uma reviravolta que ninguém previu. Nem mesmo eu.	41 mil	há 8 meses	12:08	T-_3djjHlmc
Sorelle Amore	110 acres de mata nativa australiana - meus primeiros dias no pedaço.	52 mil	há 9 meses	13:01	R17ATCPrAN8
Sorelle Amore	Comprei 110 acres de mata nativa australiana selvagem e isolada.	152 mil	há 9 meses	20:23	94B27EWjXgI
Sorelle Amore	Esta viagem não deveria existir… mas existe | Experiência Classe G – Edição Deserto de Marrocos	96 mil	há 10 meses	21:42	yWVfWYonMpw
Sorelle Amore	Como é a verdadeira amizade aos 30 anos	17 mil	há 11 meses	16:55	IniTpDASsdE
Sorelle Amore	A realidade da vida na estrada (não é o que você pensa)	10 mil	há 11 meses	13:21	zO6W-Gi0CV0
