trecho	inicio	fim	prob	palavra
bd	0.00	0.66	0.44	Bom
bd	0.66	1.08	0.68	dia,
bd	1.30	1.82	0.38	Barcelona!
bd	3.04	3.56	0.97	Chegamos
bd	3.56	3.76	0.55	aos
bd	3.76	4.16	0.21	Fibro
bd	4.16	4.32	0.46	de
bd	4.32	4.76	0.46	Estira.
brg	12.00	12.60	0.46	Muito,
brg	13.86	14.68	0.97	muito,
brg	14.76	15.00	0.99	muito,
brg	15.04	15.12	0.99	muito.
ams	6.00	8.74	0.89	Chegamos!
tapa	13.00	13.52	0.42	E
tapa	13.52	13.70	0.98	agora
tapa	13.70	13.86	0.96	eu
tapa	13.86	14.12	0.96	acabei
tapa	14.12	14.26	0.99	de
tapa	14.26	14.42	0.98	pedir
tapa	14.42	14.64	0.39	a
tapa	14.64	14.68	0.94	minha
tapa	14.68	15.70	0.99	primeira
tapa	15.70	16.22	0.90	tapa
tapa	16.22	16.64	0.18	em
tapa	16.64	17.08	0.70	Barcelona.
arco	7.00	8.72	0.82	Ei!
