arquivo	inicio	fim	prob	palavra
IMG_0502.MOV	0.00	0.04	0.04	O
IMG_0502.MOV	0.04	0.08	0.65	que
IMG_0502.MOV	0.08	0.10	0.20	é
IMG_0502.MOV	0.10	0.14	0.12	o
IMG_0502.MOV	0.14	0.18	0.54	que
IMG_0502.MOV	0.18	0.22	0.24	é
IMG_0502.MOV	0.22	0.22	0.28	o
IMG_0502.MOV	0.22	0.22	0.44	que
IMG_0502.MOV	0.22	0.24	0.42	é
IMG_0502.MOV	0.24	0.26	0.40	o
IMG_0502.MOV	0.26	0.26	0.67	que
IMG_0502.MOV	0.26	0.26	0.72	é
IMG_0502.MOV	0.26	0.34	0.47	o
IMG_0502.MOV	0.34	0.50	0.91	que
IMG_0502.MOV	0.50	0.64	0.88	é?
IMG_0520.MOV	-	-	-	(sem fala)
IMG_0586.MOV	0.34	0.54	0.06	A
IMG_0586.MOV	0.54	0.76	0.07	esos
IMG_0586.MOV	0.76	1.58	0.85	autos,
IMG_0586.MOV	1.86	2.78	0.75	passageiros,
IMG_0586.MOV	2.86	3.44	0.50	llevo
IMG_0586.MOV	3.44	3.76	0.63	-me
IMG_0586.MOV	3.76	4.00	0.44	e
IMG_0586.MOV	4.00	4.36	0.65	quitar
IMG_0586.MOV	4.36	4.62	0.41	o
IMG_0586.MOV	4.62	5.04	0.80	braço
IMG_0586.MOV	5.76	6.46	0.38	Sevam
IMG_0586.MOV	6.46	6.68	0.30	-los,
IMG_0586.MOV	6.68	7.10	0.69	mate
IMG_0586.MOV	7.10	7.42	0.72	-se
IMG_0586.MOV	7.42	7.82	0.26	quando
IMG_0586.MOV	7.82	8.86	0.56	querem
IMG_0586.MOV	8.86	9.20	0.92	que
IMG_0586.MOV	9.20	9.62	0.80	eles
IMG_0586.MOV	9.62	10.26	0.52	canta,
IMG_0586.MOV	10.38	10.56	0.84	claro
IMG_0586.MOV	10.56	11.12	0.38	que...
IMG_0690.MOV	-	-	-	(sem fala)
IMG_0781.MOV	8.11	8.69	0.79	Ei!
IMG_0816.MP4	0.00	0.74	0.79	Chegamos
IMG_0816.MP4	0.74	0.96	0.57	no
IMG_0816.MP4	0.96	1.12	0.94	nosso
IMG_0816.MP4	1.12	1.44	0.95	último
IMG_0816.MP4	1.44	1.88	0.50	bichão
IMG_0816.MP4	1.88	2.04	0.71	do
IMG_0816.MP4	2.04	2.28	0.97	dia,
IMG_0816.MP4	2.34	3.72	0.87	muito
IMG_0816.MP4	3.72	4.38	0.87	cansados.
IMG_0816.MP4	4.84	5.02	0.98	Hoje
IMG_0816.MP4	5.02	5.12	0.70	a
IMG_0816.MP4	5.12	5.24	1.00	gente
IMG_0816.MP4	5.24	5.56	0.78	andou
IMG_0816.MP4	5.56	6.22	0.97	demais.
IMG_0816.MP4	8.52	9.24	0.68	Vamos
IMG_0816.MP4	9.24	9.96	0.45	de
IMG_0816.MP4	9.96	10.20	0.51	8
IMG_0816.MP4	10.20	10.62	0.71	quilômetros.
IMG_0816.MP4	13.06	13.52	0.65	E
IMG_0816.MP4	13.52	13.70	0.98	agora
IMG_0816.MP4	13.70	13.88	0.95	eu
IMG_0816.MP4	13.88	14.12	0.97	acabei
IMG_0816.MP4	14.12	14.26	0.99	de
IMG_0816.MP4	14.26	14.42	0.99	pedir
IMG_0816.MP4	14.42	14.68	0.82	minha
IMG_0816.MP4	14.68	15.70	0.97	primeira
IMG_0816.MP4	15.70	16.22	0.93	tapa
IMG_0816.MP4	16.22	16.64	0.93	de
IMG_0816.MP4	16.64	17.22	0.97	Barcelona.
IMG_0816.MP4	18.12	18.84	0.44	Pediu
IMG_0816.MP4	18.84	18.98	0.75	uma
IMG_0816.MP4	18.98	19.26	0.54	papa
IMG_0816.MP4	19.26	20.10	0.97	brava,
IMG_0816.MP4	20.18	21.46	0.67	tomando
IMG_0816.MP4	21.46	21.58	0.65	uma
IMG_0816.MP4	21.58	22.28	0.87	cerveza
IMG_0816.MP4	22.28	22.64	0.92	para
IMG_0816.MP4	22.64	23.20	0.99	acompanhar.
IMG_1192.MOV	-	-	-	(sem fala)
