inicio	fim	Music	Speech	Singing	Musical instrument	Vehicle	Train	Rail transport	Subway, metro, underground	Aircraft	Fixed-wing aircraft, airplane	Car	Bus	Traffic noise, roadway noise	Wind noise (microphone)	Crowd	Chatter	Walk, footsteps	Waves, surf	Ocean	Laughter	Dishes, pots, and pans	Cutlery, silverware	Inside, small room	Inside, public space	Outside, urban or manmade	Bird	Bell	top5
0.0	2.0	0.024	0.591	0.001	0.001	0.083	0.007	0.003	0.001	0.001	0.001	0.023	0.007	0.001	0.002	0.003	0.001	0.006	0.001	0.001	0.001	0.001	0.000	0.009	0.008	0.028	0.016	0.000	Speech 0.59; Vehicle 0.08; Male speech, man speaking 0.05; Animal 0.04; Outside, urban or manmade 0.03
1.0	3.0	0.024	0.463	0.000	0.001	0.058	0.005	0.002	0.001	0.001	0.000	0.016	0.005	0.001	0.002	0.005	0.001	0.006	0.001	0.001	0.001	0.001	0.000	0.015	0.007	0.028	0.031	0.000	Speech 0.46; Animal 0.07; Vehicle 0.06; Bird 0.03; Outside, urban or manmade 0.03
2.0	4.0	0.039	0.456	0.001	0.002	0.040	0.004	0.002	0.001	0.001	0.000	0.012	0.003	0.000	0.002	0.007	0.002	0.008	0.001	0.001	0.001	0.001	0.000	0.015	0.011	0.023	0.013	0.000	Speech 0.46; Vehicle 0.04; Music 0.04; Animal 0.04; Outside, urban or manmade 0.02
3.0	5.0	0.039	0.488	0.001	0.003	0.029	0.004	0.002	0.001	0.001	0.000	0.009	0.003	0.000	0.001	0.008	0.002	0.008	0.001	0.001	0.001	0.001	0.000	0.003	0.018	0.014	0.006	0.001	Speech 0.49; Slam 0.10; Music 0.04; Slap, smack 0.04; Vehicle 0.03
4.0	6.0	0.043	0.256	0.001	0.003	0.029	0.003	0.002	0.000	0.001	0.000	0.010	0.003	0.000	0.001	0.003	0.000	0.015	0.001	0.001	0.000	0.001	0.000	0.005	0.010	0.014	0.015	0.001	Speech 0.26; Slam 0.05; Animal 0.04; Music 0.04; Sliding door 0.03
5.0	7.0	0.046	0.374	0.001	0.002	0.087	0.014	0.009	0.003	0.001	0.001	0.016	0.010	0.001	0.002	0.004	0.001	0.007	0.001	0.001	0.002	0.001	0.000	0.005	0.010	0.015	0.025	0.001	Speech 0.37; Vehicle 0.09; Animal 0.06; Music 0.05; Slap, smack 0.03
6.0	8.0	0.034	0.536	0.001	0.002	0.108	0.008	0.004	0.002	0.002	0.001	0.032	0.017	0.001	0.002	0.004	0.001	0.004	0.001	0.001	0.002	0.000	0.000	0.005	0.013	0.020	0.005	0.001	Speech 0.54; Vehicle 0.11; Music 0.03; Male speech, man speaking 0.03; Car 0.03
7.0	9.0	0.026	0.537	0.001	0.001	0.044	0.002	0.001	0.001	0.001	0.000	0.014	0.004	0.001	0.002	0.006	0.001	0.009	0.001	0.001	0.001	0.001	0.000	0.010	0.011	0.020	0.009	0.001	Speech 0.54; Vehicle 0.04; Animal 0.04; Music 0.03; Outside, urban or manmade 0.02
8.0	10.0	0.039	0.575	0.001	0.002	0.053	0.004	0.002	0.001	0.001	0.000	0.012	0.005	0.001	0.002	0.006	0.002	0.010	0.001	0.001	0.001	0.001	0.000	0.009	0.013	0.022	0.013	0.001	Speech 0.58; Animal 0.06; Vehicle 0.05; Music 0.04; Clip-clop 0.03
9.0	11.0	0.050	0.531	0.001	0.002	0.066	0.008	0.004	0.001	0.002	0.001	0.017	0.008	0.001	0.003	0.010	0.003	0.007	0.001	0.001	0.002	0.001	0.000	0.008	0.015	0.031	0.014	0.000	Speech 0.53; Vehicle 0.07; Animal 0.05; Music 0.05; Male speech, man speaking 0.03
